image_path,predicted_label
test/crack/crack_00003.png,crack
test/crack/crack_00005.png,crack
test/crack/crack_00006.png,crack
test/crack/crack_00007.png,crack
test/crack/crack_00018.png,crack
test/crack/crack_00022.png,crack
test/crack/crack_00031.png,crack
test/crack/crack_00038.png,crack
test/crack/crack_00039.png,crack
test/crack/crack_00047.png,crack
test/crack/crack_00048.png,crack
test/crack/crack_00049.png,crack
test/crack/crack_00063.png,crack
test/crack/crack_00064.png,crack
test/crack/crack_00065.png,crack
test/crack/crack_00069.png,crack
test/crack/crack_00074.png,crack
test/crack/crack_00078.png,crack
test/crack/crack_00081.png,crack
test/crack/crack_00082.png,crack
test/crack/crack_00089.png,crack
test/crack/crack_00103.png,crack
test/crack/crack_00104.png,crack
test/crack/crack_00108.png,crack
test/crack/crack_00112.png,crack
test/crack/crack_00115.png,crack
test/crack/crack_00117.png,crack
test/crack/crack_00130.png,crack
test/crack/crack_00133.png,crack
test/crack/crack_00136.png,crack
test/crack/crack_00138.png,crack
test/crack/crack_00145.png,crack
test/crack/crack_00154.png,crack
test/crack/crack_00155.png,crack
test/crack/crack_00160.png,crack
test/crack/crack_00167.png,crack
test/crack/crack_00168.png,crack
test/crack/crack_00170.png,crack
test/crack/crack_00177.png,crack
test/crack/crack_00191.png,crack
test/crack/crack_00202.png,crack
test/crack/crack_00212.png,crack
test/crack/crack_00230.png,crack
test/crack/crack_00231.png,crack
test/crack/crack_00237.png,crack
test/crack/crack_00241.png,crack
test/crack/crack_00243.png,crack
test/crack/crack_00246.png,crack
test/crack/crack_00251.png,crack
test/crack/crack_00252.png,crack
test/crack/crack_00257.png,crack
test/crack/crack_00260.png,crack
test/crack/crack_00261.png,crack
test/crack/crack_00262.png,crack
test/crack/crack_00263.png,crack
test/crack/crack_00264.png,crack
test/crack/crack_00266.png,crack
test/crack/crack_00268.png,crack
test/crack/crack_00275.png,crack
test/crack/crack_00294.png,crack
test/crack/crack_00301.png,crack
test/crack/crack_00306.png,crack
test/crack/crack_00307.png,crack
test/crack/crack_00311.png,crack
test/crack/crack_00321.png,crack
test/crack/crack_00326.png,crack
test/crack/crack_00343.png,crack
test/crack/crack_00350.png,crack
test/crack/crack_00356.png,crack
test/crack/crack_00359.png,crack
test/crack/crack_00362.png,crack
test/crack/crack_00363.png,crack
test/crack/crack_00368.png,crack
test/crack/crack_00376.png,crack
test/crack/crack_00383.png,crack
test/crack/crack_00389.png,crack
test/crack/crack_00394.png,crack
test/crack/crack_00396.png,crack
test/crack/crack_00397.png,crack
test/crack/crack_00398.png,crack
test/crack/crack_00423.png,crack
test/crack/crack_00432.png,crack
test/crack/crack_00437.png,crack
test/crack/crack_00442.png,crack
test/crack/crack_00462.png,crack
test/crack/crack_00467.png,crack
test/crack/crack_00473.png,crack
test/crack/crack_00474.png,crack
test/crack/crack_00475.png,crack
test/crack/crack_00478.png,crack
test/crack/crack_00481.png,crack
test/crack/crack_00482.png,crack
test/crack/crack_00484.png,crack
test/crack/crack_00486.png,crack
test/crack/crack_00505.png,crack
test/crack/crack_00507.png,crack
test/crack/crack_00508.png,crack
test/crack/crack_00512.png,crack
test/crack/crack_00520.png,crack
test/crack/crack_00525.png,crack
test/crack/crack_00529.png,crack
test/crack/crack_00537.png,crack
test/crack/crack_00542.png,crack
test/crack/crack_00548.png,crack
test/crack/crack_00557.png,crack
test/crack/crack_00560.png,crack
test/crack/crack_00568.png,crack
test/crack/crack_00569.png,crack
test/crack/crack_00570.png,crack
test/crack/crack_00573.png,crack
test/crack/crack_00576.png,crack
test/crack/crack_00577.png,crack
test/crack/crack_00578.png,crack
test/crack/crack_00581.png,crack
test/crack/crack_00588.png,crack
test/crack/crack_00590.png,crack
test/crack/crack_00592.png,crack
test/crack/crack_00600.png,crack
test/crack/crack_00603.png,crack
test/crack/crack_00608.png,crack
test/crack/crack_00611.png,crack
test/crack/crack_00617.png,crack
test/crack/crack_00621.png,crack
test/crack/crack_00624.png,crack
test/crack/crack_00629.png,crack
test/crack/crack_00630.png,crack
test/crack/crack_00634.png,crack
test/crack/crack_00642.png,crack
test/crack/crack_00645.png,crack
test/crack/crack_00650.png,crack
test/crack/crack_00652.png,crack
test/crack/crack_00658.png,crack
test/crack/crack_00661.png,crack
test/crack/crack_00668.png,crack
test/crack/crack_00676.png,crack
test/crack/crack_00680.png,crack
test/crack/crack_00690.png,crack
test/crack/crack_00696.png,crack
test/crack/crack_00699.png,crack
test/crack/crack_00705.png,crack
test/crack/crack_00708.png,crack
test/crack/crack_00714.png,crack
test/crack/crack_00722.png,crack
test/crack/crack_00738.png,crack
test/crack/crack_00739.png,crack
test/crack/crack_00750.png,crack
test/crack/crack_00755.png,crack
test/crack/crack_00756.png,crack
test/crack/crack_00757.png,crack
test/crack/crack_00760.png,crack
test/crack/crack_00762.png,crack
test/crack/crack_00765.png,crack
test/crack/crack_00770.png,crack
test/crack/crack_00772.png,crack
test/crack/crack_00777.png,crack
test/crack/crack_00795.png,crack
test/crack/crack_00798.png,crack
test/crack/crack_00805.png,crack
test/crack/crack_00807.png,crack
test/crack/crack_00811.png,crack
test/crack/crack_00813.png,crack
test/crack/crack_00822.png,crack
test/crack/crack_00825.png,crack
test/crack/crack_00826.png,crack
test/crack/crack_00832.png,crack
test/crack/crack_00834.png,crack
test/crack/crack_00835.png,crack
test/crack/crack_00837.png,crack
test/crack/crack_00847.png,crack
test/crack/crack_00861.png,crack
test/crack/crack_00864.png,crack
test/crack/crack_00882.png,crack
test/crack/crack_00886.png,crack
test/crack/crack_00892.png,crack
test/crack/crack_00898.png,crack
test/crack/crack_00900.png,crack
test/crack/crack_00901.png,crack
test/crack/crack_00914.png,crack
test/crack/crack_00917.png,crack
test/crack/crack_00923.png,crack
test/crack/crack_00928.png,crack
test/crack/crack_00930.png,crack
test/crack/crack_00932.png,crack
test/crack/crack_00940.png,crack
test/crack/crack_00944.png,crack
test/crack/crack_00948.png,crack
test/crack/crack_00964.png,crack
test/crack/crack_00969.png,crack
test/crack/crack_00983.png,crack
test/crack/crack_00984.png,crack
test/crack/crack_00985.png,crack
test/crack/crack_00989.png,crack
test/crack/crack_00991.png,crack
test/crack/crack_00992.png,crack
test/crack/crack_01006.png,crack
test/crack/crack_01023.png,crack
test/crack/crack_01033.png,crack
test/crack/crack_01039.png,crack
test/crack/crack_01040.png,crack
test/crack/crack_01041.png,crack
test/crack/crack_01048.png,crack
test/crack/crack_01049.png,crack
test/crack/crack_01056.png,crack
test/crack/crack_01057.png,crack
test/crack/crack_01058.png,crack
test/crack/crack_01061.png,crack
test/crack/crack_01063.png,crack
test/crack/crack_01065.png,crack
test/crack/crack_01069.png,crack
test/crack/crack_01074.png,crack
test/crack/crack_01084.png,crack
test/crack/crack_01089.png,crack
test/crack/crack_01091.png,crack
test/crack/crack_01092.png,crack
test/crack/crack_01094.png,crack
test/crack/crack_01097.png,crack
test/crack/crack_01100.png,crack
test/crack/crack_01111.png,crack
test/crack/crack_01118.png,crack
test/crack/crack_01131.png,crack
test/crack/crack_01133.png,crack
test/crack/crack_01145.png,crack
test/crack/crack_01150.png,crack
test/crack/crack_01170.png,crack
test/crack/crack_01175.png,crack
test/crack/crack_01181.png,crack
test/crack/crack_01190.png,crack
test/crack/crack_01191.png,crack
test/crack/crack_01194.png,crack
test/crack/crack_01212.png,crack
test/crack/crack_01213.png,crack
test/crack/crack_01216.png,crack
test/crack/crack_01218.png,crack
test/crack/crack_01220.png,crack
test/crack/crack_01230.png,crack
test/crack/crack_01246.png,crack
test/crack/crack_01249.png,crack
test/crack/crack_01251.png,crack
test/crack/crack_01252.png,crack
test/crack/crack_01255.png,crack
test/crack/crack_01259.png,crack
test/crack/crack_01261.png,crack
test/crack/crack_01265.png,crack
test/crack/crack_01266.png,crack
test/crack/crack_01273.png,crack
test/crack/crack_01285.png,crack
test/crack/crack_01296.png,crack
test/crack/crack_01302.png,crack
test/crack/crack_01304.png,crack
test/crack/crack_01308.png,crack
test/crack/crack_01310.png,crack
test/crack/crack_01314.png,crack
test/crack/crack_01333.png,crack
test/crack/crack_01334.png,crack
test/crack/crack_01335.png,crack
test/crack/crack_01336.png,crack
test/crack/crack_01339.png,crack
test/crack/crack_01342.png,crack
test/crack/crack_01343.png,crack
test/crack/crack_01347.png,crack
test/crack/crack_01348.png,crack
test/crack/crack_01350.png,crack
test/crack/crack_01351.png,crack
test/crack/crack_01353.png,crack
test/crack/crack_01355.png,crack
test/crack/crack_01363.png,crack
test/crack/crack_01367.png,crack
test/crack/crack_01378.png,crack
test/crack/crack_01387.png,crack
test/crack/crack_01392.png,crack
test/crack/crack_01405.png,crack
test/crack/crack_01411.png,crack
test/crack/crack_01420.png,crack
test/crack/crack_01422.png,crack
test/crack/crack_01423.png,crack
test/crack/crack_01424.png,crack
test/crack/crack_01426.png,crack
test/crack/crack_01428.png,crack
test/crack/crack_01429.png,crack
test/crack/crack_01430.png,crack
test/crack/crack_01437.png,crack
test/crack/crack_01444.png,crack
test/crack/crack_01451.png,crack
test/crack/crack_01456.png,crack
test/crack/crack_01464.png,crack
test/crack/crack_01466.png,crack
test/crack/crack_01467.png,crack
test/crack/crack_01473.png,crack
test/crack/crack_01481.png,crack
test/crack/crack_01483.png,crack
test/crack/crack_01484.png,crack
test/crack/crack_01485.png,crack
test/crack/crack_01486.png,crack
test/crack/crack_01499.png,crack
test/crack/crack_01521.png,crack
test/crack/crack_01522.png,crack
test/crack/crack_01535.png,crack
test/crack/crack_01537.png,crack
test/crack/crack_01544.png,crack
test/crack/crack_01548.png,crack
test/crack/crack_01551.png,crack
test/crack/crack_01553.png,crack
test/crack/crack_01559.png,crack
test/crack/crack_01564.png,crack
test/crack/crack_01565.png,crack
test/crack/crack_01566.png,crack
test/crack/crack_01567.png,crack
test/crack/crack_01569.png,crack
test/crack/crack_01575.png,crack
test/crack/crack_01586.png,crack
test/crack/crack_01590.png,crack
test/crack/crack_01591.png,crack
test/crack/crack_01602.png,crack
test/crack/crack_01603.png,crack
test/crack/crack_01605.png,crack
test/crack/crack_01610.png,crack
test/crack/crack_01625.png,crack
test/crack/crack_01629.png,crack
test/crack/crack_01631.png,crack
test/crack/crack_01633.png,crack
test/crack/crack_01639.png,crack
test/crack/crack_01641.png,crack
test/crack/crack_01643.png,crack
test/crack/crack_01645.png,crack
test/crack/crack_01654.png,crack
test/crack/crack_01660.png,crack
test/crack/crack_01663.png,crack
test/crack/crack_01670.png,crack
test/crack/crack_01677.png,crack
test/crack/crack_01681.png,crack
test/crack/crack_01689.png,crack
test/crack/crack_01698.png,crack
test/crack/crack_01706.png,crack
test/crack/crack_01708.png,crack
test/crack/crack_01719.png,crack
test/crack/crack_01720.png,crack
test/crack/crack_01721.png,crack
test/crack/crack_01722.png,crack
test/crack/crack_01732.png,crack
test/crack/crack_01739.png,crack
test/crack/crack_01740.png,crack
test/crack/crack_01742.png,crack
test/crack/crack_01756.png,crack
test/crack/crack_01759.png,crack
test/crack/crack_01760.png,crack
test/crack/crack_01762.png,crack
test/crack/crack_01770.png,crack
test/crack/crack_01773.png,crack
test/crack/crack_01776.png,crack
test/crack/crack_01778.png,crack
test/crack/crack_01801.png,crack
test/crack/crack_01803.png,crack
test/crack/crack_01804.png,crack
test/crack/crack_01819.png,crack
test/crack/crack_01829.png,crack
test/crack/crack_01831.png,crack
test/crack/crack_01834.png,crack
test/crack/crack_01839.png,crack
test/crack/crack_01852.png,crack
test/crack/crack_01854.png,crack
test/crack/crack_01863.png,crack
test/crack/crack_01864.png,crack
test/crack/crack_01866.png,crack
test/crack/crack_01869.png,crack
test/crack/crack_01876.png,crack
test/crack/crack_01878.png,crack
test/crack/crack_01895.png,crack
test/crack/crack_01897.png,crack
test/crack/crack_01899.png,crack
test/crack/crack_01904.png,crack
test/crack/crack_01912.png,crack
test/crack/crack_01913.png,crack
test/crack/crack_01921.png,crack
test/crack/crack_01922.png,crack
test/crack/crack_01924.png,crack
test/crack/crack_01925.png,crack
test/crack/crack_01932.png,crack
test/crack/crack_01935.png,crack
test/crack/crack_01937.png,crack
test/crack/crack_01941.png,crack
test/crack/crack_01950.png,crack
test/crack/crack_01958.png,crack
test/crack/crack_01965.png,crack
test/crack/crack_01969.png,crack
test/crack/crack_01974.png,crack
test/crack/crack_01989.png,crack
test/crack/crack_01996.png,crack
test/crack/crack_02001.png,crack
test/crack/crack_02007.png,crack
test/crack/crack_02008.png,crack
test/crack/crack_02009.png,crack
test/crack/crack_02012.png,crack
test/crack/crack_02016.png,crack
test/crack/crack_02017.png,crack
test/crack/crack_02021.png,crack
test/crack/crack_02028.png,crack
test/crack/crack_02040.png,crack
test/crack/crack_02041.png,crack
test/crack/crack_02042.png,crack
test/crack/crack_02057.png,crack
test/crack/crack_02059.png,crack
test/crack/crack_02062.png,crack
test/crack/crack_02074.png,crack
test/crack/crack_02075.png,crack
test/crack/crack_02084.png,crack
test/crack/crack_02092.png,crack
test/crack/crack_02093.png,crack
test/crack/crack_02095.png,crack
test/crack/crack_02099.png,crack
test/crack/crack_02101.png,crack
test/crack/crack_02109.png,crack
test/crack/crack_02114.png,crack
test/crack/crack_02125.png,crack
test/crack/crack_02126.png,crack
test/crack/crack_02128.png,crack
test/crack/crack_02133.png,crack
test/crack/crack_02138.png,crack
test/crack/crack_02141.png,crack
test/crack/crack_02145.png,crack
test/crack/crack_02152.png,crack
test/crack/crack_02156.png,crack
test/crack/crack_02157.png,crack
test/crack/crack_02161.png,crack
test/crack/crack_02168.png,crack
test/crack/crack_02171.png,crack
test/crack/crack_02173.png,crack
test/crack/crack_02175.png,crack
test/crack/crack_02181.png,crack
test/crack/crack_02191.png,crack
test/crack/crack_02194.png,crack
test/crack/crack_02195.png,crack
test/crack/crack_02201.png,crack
test/crack/crack_02203.png,crack
test/crack/crack_02204.png,crack
test/crack/crack_02205.png,crack
test/crack/crack_02207.png,crack
test/crack/crack_02214.png,crack
test/crack/crack_02217.png,crack
test/crack/crack_02222.png,crack
test/crack/crack_02226.png,crack
test/crack/crack_02227.png,crack
test/crack/crack_02237.png,crack
test/crack/crack_02238.png,crack
test/crack/crack_02243.png,crack
test/crack/crack_02244.png,crack
test/crack/crack_02245.png,crack
test/crack/crack_02252.png,crack
test/crack/crack_02257.png,crack
test/crack/crack_02261.png,crack
test/crack/crack_02267.png,crack
test/crack/crack_02275.png,crack
test/crack/crack_02278.png,crack
test/crack/crack_02294.png,crack
test/crack/crack_02297.png,crack
test/crack/crack_02301.png,crack
test/crack/crack_02304.png,crack
test/crack/crack_02307.png,crack
test/crack/crack_02311.png,crack
test/crack/crack_02320.png,crack
test/crack/crack_02321.png,crack
test/crack/crack_02323.png,crack
test/crack/crack_02329.png,crack
test/crack/crack_02330.png,crack
test/crack/crack_02331.png,crack
test/crack/crack_02333.png,crack
test/crack/crack_02338.png,crack
test/crack/crack_02341.png,crack
test/crack/crack_02345.png,crack
test/crack/crack_02346.png,crack
test/crack/crack_02354.png,crack
test/crack/crack_02365.png,crack
test/crack/crack_02374.png,crack
test/crack/crack_02378.png,crack
test/crack/crack_02379.png,crack
test/crack/crack_02384.png,crack
test/crack/crack_02387.png,crack
test/crack/crack_02392.png,crack
test/crack/crack_02396.png,crack
test/crack/crack_02400.png,crack
test/crack/crack_02405.png,crack
test/crack/crack_02410.png,crack
test/crack/crack_02413.png,crack
test/crack/crack_02427.png,crack
test/crack/crack_02431.png,crack
test/crack/crack_02445.png,crack
test/crack/crack_02453.png,crack
test/crack/crack_02454.png,crack
test/crack/crack_02457.png,crack
test/crack/crack_02460.png,crack
test/crack/crack_02465.png,crack
test/crack/crack_02467.png,crack
test/crack/crack_02476.png,crack
test/crack/crack_02479.png,crack
test/crack/crack_02481.png,crack
test/crack/crack_02495.png,crack
test/crack/crack_02497.png,crack
test/crack/crack_02499.png,crack
test/crack/crack_02501.png,crack
test/crack/crack_02513.png,crack
test/crack/crack_02515.png,crack
test/crack/crack_02523.png,crack
test/crack/crack_02525.png,crack
test/crack/crack_02527.png,crack
test/crack/crack_02535.png,crack
test/crack/crack_02537.png,crack
test/crack/crack_02539.png,crack
test/crack/crack_02540.png,crack
test/crack/crack_02544.png,crack
test/crack/crack_02546.png,crack
test/crack/crack_02548.png,crack
test/crack/crack_02554.png,crack
test/crack/crack_02556.png,crack
test/crack/crack_02558.png,crack
test/crack/crack_02566.png,crack
test/crack/crack_02567.png,crack
test/crack/crack_02568.png,crack
test/crack/crack_02573.png,crack
test/crack/crack_02582.png,crack
test/crack/crack_02585.png,crack
test/crack/crack_02588.png,crack
test/crack/crack_02590.png,crack
test/crack/crack_02591.png,crack
test/crack/crack_02604.png,crack
test/crack/crack_02605.png,crack
test/crack/crack_02617.png,crack
test/crack/crack_02620.png,crack
test/crack/crack_02631.png,crack
test/crack/crack_02661.png,crack
test/crack/crack_02664.png,crack
test/crack/crack_02667.png,crack
test/crack/crack_02685.png,crack
test/crack/crack_02687.png,crack
test/crack/crack_02689.png,crack
test/crack/crack_02692.png,crack
test/crack/crack_02693.png,crack
test/crack/crack_02695.png,crack
test/crack/crack_02700.png,crack
test/crack/crack_02704.png,crack
test/crack/crack_02705.png,crack
test/crack/crack_02706.png,crack
test/crack/crack_02708.png,crack
test/crack/crack_02718.png,crack
test/crack/crack_02719.png,crack
test/crack/crack_02722.png,crack
test/crack/crack_02727.png,crack
test/crack/crack_02730.png,crack
test/crack/crack_02736.png,crack
test/crack/crack_02746.png,crack
test/crack/crack_02757.png,crack
test/crack/crack_02771.png,crack
test/crack/crack_02775.png,crack
test/crack/crack_02785.png,crack
test/crack/crack_02786.png,crack
test/crack/crack_02792.png,crack
test/crack/crack_02800.png,crack
test/crack/crack_02801.png,crack
test/crack/crack_02803.png,crack
test/crack/crack_02805.png,crack
test/crack/crack_02810.png,crack
test/crack/crack_02814.png,crack
test/crack/crack_02815.png,crack
test/crack/crack_02817.png,crack
test/crack/crack_02822.png,crack
test/crack/crack_02830.png,crack
test/crack/crack_02840.png,crack
test/crack/crack_02842.png,crack
test/crack/crack_02848.png,crack
test/crack/crack_02849.png,crack
test/crack/crack_02854.png,crack
test/crack/crack_02858.png,crack
test/crack/crack_02862.png,crack
test/crack/crack_02867.png,crack
test/crack/crack_02872.png,crack
test/crack/crack_02879.png,crack
test/crack/crack_02885.png,crack
test/crack/crack_02886.png,crack
test/crack/crack_02888.png,crack
test/crack/crack_02897.png,crack
test/crack/crack_02902.png,crack
test/crack/crack_02915.png,crack
test/crack/crack_02920.png,crack
test/crack/crack_02921.png,crack
test/crack/crack_02929.png,crack
test/crack/crack_02930.png,crack
test/crack/crack_02934.png,crack
test/crack/crack_02935.png,crack
test/crack/crack_02938.png,crack
test/crack/crack_02944.png,crack
test/crack/crack_02945.png,crack
test/crack/crack_02947.png,crack
test/crack/crack_02948.png,crack
test/crack/crack_02950.png,crack
test/crack/crack_02955.png,crack
test/crack/crack_02965.png,crack
test/crack/crack_02977.png,crack
test/crack/crack_02979.png,crack
test/crack/crack_02985.png,crack
test/crack/crack_02994.png,crack
test/crack/crack_02996.png,crack
test/crack/crack_02999.png,crack
test/hole/hole_00005.png,hole
test/hole/hole_00019.png,hole
test/hole/hole_00029.png,hole
test/hole/hole_00030.png,hole
test/hole/hole_00031.png,hole
test/hole/hole_00038.png,hole
test/hole/hole_00044.png,hole
test/hole/hole_00047.png,hole
test/hole/hole_00048.png,hole
test/hole/hole_00051.png,hole
test/hole/hole_00055.png,hole
test/hole/hole_00072.png,hole
test/hole/hole_00075.png,hole
test/hole/hole_00079.png,hole
test/hole/hole_00080.png,hole
test/hole/hole_00088.png,hole
test/hole/hole_00091.png,hole
test/hole/hole_00093.png,hole
test/hole/hole_00095.png,hole
test/hole/hole_00096.png,hole
test/hole/hole_00114.png,hole
test/hole/hole_00120.png,hole
test/hole/hole_00126.png,hole
test/hole/hole_00127.png,hole
test/hole/hole_00132.png,hole
test/hole/hole_00140.png,hole
test/hole/hole_00145.png,hole
test/hole/hole_00146.png,hole
test/hole/hole_00147.png,hole
test/hole/hole_00150.png,hole
test/hole/hole_00162.png,hole
test/hole/hole_00166.png,hole
test/hole/hole_00167.png,hole
test/hole/hole_00170.png,hole
test/hole/hole_00181.png,hole
test/hole/hole_00185.png,hole
test/hole/hole_00195.png,hole
test/hole/hole_00205.png,crack
test/hole/hole_00207.png,hole
test/hole/hole_00213.png,hole
test/hole/hole_00214.png,hole
test/hole/hole_00220.png,hole
test/hole/hole_00228.png,hole
test/hole/hole_00232.png,crack
test/hole/hole_00237.png,hole
test/hole/hole_00238.png,hole
test/hole/hole_00240.png,hole
test/hole/hole_00242.png,hole
test/hole/hole_00256.png,hole
test/hole/hole_00258.png,hole
test/hole/hole_00259.png,crack
test/hole/hole_00260.png,hole
test/hole/hole_00268.png,hole
test/hole/hole_00271.png,crack
test/hole/hole_00275.png,hole
test/hole/hole_00290.png,hole
test/hole/hole_00291.png,hole
test/hole/hole_00293.png,hole
test/hole/hole_00296.png,hole
test/hole/hole_00297.png,hole
test/hole/hole_00299.png,hole
test/hole/hole_00309.png,hole
test/hole/hole_00311.png,hole
test/hole/hole_00315.png,hole
test/hole/hole_00317.png,hole
test/hole/hole_00320.png,hole
test/hole/hole_00322.png,hole
test/hole/hole_00327.png,hole
test/hole/hole_00332.png,hole
test/hole/hole_00352.png,hole
test/hole/hole_00368.png,hole
test/hole/hole_00369.png,hole
test/hole/hole_00378.png,hole
test/hole/hole_00381.png,hole
test/hole/hole_00390.png,hole
test/hole/hole_00392.png,hole
test/hole/hole_00397.png,hole
test/hole/hole_00404.png,hole
test/hole/hole_00407.png,hole
test/hole/hole_00409.png,hole
test/hole/hole_00428.png,hole
test/hole/hole_00429.png,hole
test/hole/hole_00438.png,hole
test/hole/hole_00439.png,hole
test/hole/hole_00443.png,hole
test/hole/hole_00450.png,hole
test/hole/hole_00452.png,hole
test/hole/hole_00457.png,hole
test/hole/hole_00464.png,hole
test/hole/hole_00468.png,hole
test/hole/hole_00478.png,hole
test/hole/hole_00480.png,hole
test/hole/hole_00481.png,hole
test/hole/hole_00488.png,hole
test/hole/hole_00499.png,crack
test/hole/hole_00501.png,hole
test/hole/hole_00510.png,hole
test/hole/hole_00512.png,hole
test/hole/hole_00513.png,hole
test/hole/hole_00518.png,hole
test/hole/hole_00534.png,hole
test/hole/hole_00537.png,hole
test/hole/hole_00539.png,hole
test/hole/hole_00543.png,hole
test/hole/hole_00546.png,hole
test/hole/hole_00549.png,hole
test/hole/hole_00561.png,hole
test/hole/hole_00570.png,crack
test/hole/hole_00573.png,hole
test/hole/hole_00575.png,hole
test/hole/hole_00582.png,hole
test/hole/hole_00584.png,hole
test/hole/hole_00585.png,hole
test/hole/hole_00596.png,hole
test/hole/hole_00604.png,hole
test/hole/hole_00609.png,hole
test/hole/hole_00616.png,hole
test/hole/hole_00617.png,hole
test/hole/hole_00618.png,hole
test/hole/hole_00621.png,crack
test/hole/hole_00625.png,crack
test/hole/hole_00638.png,hole
test/hole/hole_00642.png,hole
test/hole/hole_00648.png,hole
test/hole/hole_00651.png,hole
test/hole/hole_00659.png,hole
test/hole/hole_00661.png,hole
test/hole/hole_00671.png,hole
test/hole/hole_00672.png,hole
test/hole/hole_00675.png,hole
test/hole/hole_00677.png,hole
test/hole/hole_00680.png,hole
test/hole/hole_00687.png,crack
test/hole/hole_00690.png,hole
test/hole/hole_00693.png,hole
test/hole/hole_00694.png,hole
test/hole/hole_00702.png,hole
test/hole/hole_00704.png,hole
test/hole/hole_00716.png,hole
test/hole/hole_00721.png,hole
test/hole/hole_00725.png,hole
test/hole/hole_00726.png,hole
test/hole/hole_00732.png,hole
test/hole/hole_00733.png,hole
test/hole/hole_00734.png,hole
test/hole/hole_00735.png,hole
test/hole/hole_00741.png,crack
test/hole/hole_00742.png,hole
test/hole/hole_00746.png,hole
test/hole/hole_00747.png,hole
test/hole/hole_00752.png,hole
test/hole/hole_00757.png,hole
test/hole/hole_00758.png,hole
test/hole/hole_00761.png,hole
test/hole/hole_00763.png,crack
test/hole/hole_00780.png,crack
test/hole/hole_00783.png,hole
test/hole/hole_00789.png,hole
test/hole/hole_00797.png,hole
test/hole/hole_00802.png,hole
test/hole/hole_00806.png,hole
test/hole/hole_00813.png,hole
test/hole/hole_00815.png,hole
test/hole/hole_00820.png,hole
test/hole/hole_00828.png,hole
test/hole/hole_00842.png,hole
test/hole/hole_00851.png,hole
test/hole/hole_00857.png,hole
test/hole/hole_00868.png,hole
test/hole/hole_00869.png,crack
test/hole/hole_00870.png,hole
test/hole/hole_00876.png,hole
test/hole/hole_00881.png,hole
test/hole/hole_00886.png,hole
test/hole/hole_00888.png,hole
test/hole/hole_00896.png,hole
test/hole/hole_00902.png,hole
test/hole/hole_00904.png,hole
test/hole/hole_00906.png,hole
test/hole/hole_00909.png,hole
test/hole/hole_00913.png,hole
test/hole/hole_00918.png,hole
test/hole/hole_00940.png,hole
test/hole/hole_00942.png,hole
test/hole/hole_00944.png,hole
test/hole/hole_00960.png,hole
test/hole/hole_00968.png,crack
test/hole/hole_00975.png,hole
test/hole/hole_00976.png,hole
test/hole/hole_00978.png,crack
test/hole/hole_00991.png,hole
test/hole/hole_00998.png,hole
test/hole/hole_01003.png,hole
test/hole/hole_01008.png,hole
test/hole/hole_01010.png,crack
test/hole/hole_01014.png,hole
test/hole/hole_01019.png,hole
test/hole/hole_01023.png,hole
test/hole/hole_01032.png,hole
test/hole/hole_01037.png,hole
test/hole/hole_01046.png,hole
test/hole/hole_01051.png,crack
test/hole/hole_01053.png,hole
test/hole/hole_01054.png,hole
test/hole/hole_01066.png,hole
test/hole/hole_01072.png,hole
test/hole/hole_01080.png,hole
test/hole/hole_01084.png,hole
test/hole/hole_01089.png,hole
test/hole/hole_01091.png,hole
test/hole/hole_01093.png,hole
test/hole/hole_01099.png,hole
test/hole/hole_01101.png,hole
test/hole/hole_01102.png,hole
test/hole/hole_01103.png,hole
test/hole/hole_01105.png,hole
test/hole/hole_01113.png,hole
test/hole/hole_01115.png,hole
test/hole/hole_01117.png,hole
test/hole/hole_01123.png,hole
test/hole/hole_01126.png,hole
test/hole/hole_01132.png,hole
test/hole/hole_01143.png,hole
test/hole/hole_01153.png,hole
test/hole/hole_01161.png,hole
test/hole/hole_01162.png,hole
test/hole/hole_01163.png,crack
test/hole/hole_01164.png,hole
test/hole/hole_01173.png,hole
test/hole/hole_01177.png,hole
test/hole/hole_01179.png,hole
test/hole/hole_01186.png,hole
test/hole/hole_01187.png,hole
test/hole/hole_01189.png,hole
test/hole/hole_01197.png,hole
test/hole/hole_01202.png,hole
test/hole/hole_01208.png,hole
test/hole/hole_01211.png,hole
test/hole/hole_01214.png,hole
test/hole/hole_01235.png,hole
test/hole/hole_01237.png,hole
test/hole/hole_01240.png,hole
test/hole/hole_01244.png,hole
test/hole/hole_01256.png,hole
test/hole/hole_01257.png,hole
test/hole/hole_01258.png,hole
test/hole/hole_01259.png,hole
test/hole/hole_01268.png,hole
test/hole/hole_01269.png,hole
test/hole/hole_01270.png,hole
test/hole/hole_01284.png,hole
test/hole/hole_01293.png,hole
test/hole/hole_01295.png,hole
test/hole/hole_01306.png,hole
test/hole/hole_01311.png,hole
test/hole/hole_01312.png,hole
test/hole/hole_01318.png,hole
test/hole/hole_01319.png,hole
test/hole/hole_01320.png,hole
test/hole/hole_01321.png,hole
test/hole/hole_01324.png,hole
test/hole/hole_01325.png,hole
test/hole/hole_01328.png,hole
test/hole/hole_01329.png,hole
test/hole/hole_01330.png,hole
test/hole/hole_01332.png,hole
test/hole/hole_01339.png,hole
test/hole/hole_01344.png,hole
test/hole/hole_01351.png,hole
test/hole/hole_01359.png,hole
test/hole/hole_01360.png,hole
test/hole/hole_01361.png,hole
test/hole/hole_01362.png,hole
test/hole/hole_01367.png,hole
test/hole/hole_01369.png,hole
test/hole/hole_01373.png,hole
test/hole/hole_01374.png,hole
test/hole/hole_01381.png,crack
test/hole/hole_01383.png,hole
test/hole/hole_01393.png,hole
test/hole/hole_01397.png,hole
test/hole/hole_01409.png,hole
test/hole/hole_01417.png,hole
test/hole/hole_01418.png,hole
test/hole/hole_01438.png,hole
test/hole/hole_01440.png,hole
test/hole/hole_01448.png,hole
test/hole/hole_01454.png,hole
test/hole/hole_01455.png,hole
test/hole/hole_01456.png,hole
test/hole/hole_01457.png,hole
test/hole/hole_01458.png,hole
test/hole/hole_01470.png,hole
test/hole/hole_01478.png,hole
test/hole/hole_01484.png,hole
test/hole/hole_01485.png,hole
test/hole/hole_01491.png,hole
test/hole/hole_01495.png,hole
test/hole/hole_01500.png,hole
test/hole/hole_01508.png,hole
test/hole/hole_01512.png,hole
test/hole/hole_01518.png,hole
test/hole/hole_01539.png,hole
test/hole/hole_01540.png,hole
test/hole/hole_01546.png,hole
test/hole/hole_01547.png,hole
test/hole/hole_01550.png,hole
test/hole/hole_01551.png,hole
test/hole/hole_01554.png,hole
test/hole/hole_01556.png,hole
test/hole/hole_01566.png,hole
test/hole/hole_01567.png,hole
test/hole/hole_01569.png,hole
test/hole/hole_01573.png,hole
test/hole/hole_01582.png,hole
test/hole/hole_01591.png,hole
test/hole/hole_01596.png,hole
test/hole/hole_01605.png,hole
test/hole/hole_01607.png,hole
test/hole/hole_01611.png,hole
test/hole/hole_01633.png,hole
test/hole/hole_01636.png,hole
test/hole/hole_01651.png,hole
test/hole/hole_01686.png,hole
test/hole/hole_01690.png,hole
test/hole/hole_01691.png,hole
test/hole/hole_01692.png,hole
test/hole/hole_01701.png,hole
test/hole/hole_01705.png,hole
test/hole/hole_01706.png,hole
test/hole/hole_01707.png,hole
test/hole/hole_01715.png,hole
test/hole/hole_01721.png,hole
test/hole/hole_01725.png,hole
test/hole/hole_01728.png,hole
test/hole/hole_01729.png,hole
test/hole/hole_01731.png,hole
test/hole/hole_01738.png,crack
test/hole/hole_01742.png,hole
test/hole/hole_01745.png,scratch
test/hole/hole_01760.png,hole
test/hole/hole_01762.png,hole
test/hole/hole_01764.png,hole
test/hole/hole_01770.png,hole
test/hole/hole_01776.png,hole
test/hole/hole_01777.png,hole
test/hole/hole_01778.png,hole
test/hole/hole_01787.png,hole
test/hole/hole_01792.png,hole
test/hole/hole_01799.png,hole
test/hole/hole_01803.png,hole
test/hole/hole_01806.png,hole
test/hole/hole_01807.png,hole
test/hole/hole_01808.png,hole
test/hole/hole_01809.png,hole
test/hole/hole_01811.png,hole
test/hole/hole_01826.png,hole
test/hole/hole_01827.png,hole
test/hole/hole_01831.png,hole
test/hole/hole_01838.png,hole
test/hole/hole_01842.png,hole
test/hole/hole_01862.png,hole
test/hole/hole_01864.png,hole
test/hole/hole_01866.png,hole
test/hole/hole_01874.png,hole
test/hole/hole_01876.png,hole
test/hole/hole_01884.png,hole
test/hole/hole_01886.png,hole
test/hole/hole_01887.png,hole
test/hole/hole_01895.png,hole
test/hole/hole_01901.png,hole
test/hole/hole_01902.png,hole
test/hole/hole_01916.png,hole
test/hole/hole_01927.png,hole
test/hole/hole_01940.png,hole
test/hole/hole_01951.png,hole
test/hole/hole_01953.png,hole
test/hole/hole_01954.png,hole
test/hole/hole_01962.png,hole
test/hole/hole_01968.png,hole
test/hole/hole_01971.png,hole
test/hole/hole_01972.png,hole
test/hole/hole_01981.png,crack
test/hole/hole_01988.png,hole
test/hole/hole_02001.png,hole
test/hole/hole_02002.png,hole
test/hole/hole_02003.png,hole
test/hole/hole_02015.png,hole
test/hole/hole_02018.png,hole
test/hole/hole_02026.png,hole
test/hole/hole_02029.png,hole
test/hole/hole_02030.png,hole
test/hole/hole_02041.png,hole
test/hole/hole_02044.png,hole
test/hole/hole_02049.png,hole
test/hole/hole_02056.png,hole
test/hole/hole_02065.png,hole
test/hole/hole_02069.png,hole
test/hole/hole_02072.png,hole
test/hole/hole_02079.png,hole
test/hole/hole_02090.png,hole
test/hole/hole_02101.png,hole
test/hole/hole_02109.png,crack
test/hole/hole_02112.png,hole
test/hole/hole_02113.png,hole
test/hole/hole_02122.png,hole
test/hole/hole_02124.png,hole
test/hole/hole_02134.png,hole
test/hole/hole_02135.png,hole
test/hole/hole_02139.png,hole
test/hole/hole_02141.png,hole
test/hole/hole_02143.png,hole
test/hole/hole_02148.png,hole
test/hole/hole_02152.png,hole
test/hole/hole_02163.png,hole
test/hole/hole_02168.png,hole
test/hole/hole_02178.png,hole
test/hole/hole_02184.png,hole
test/hole/hole_02185.png,hole
test/hole/hole_02195.png,hole
test/hole/hole_02203.png,hole
test/hole/hole_02205.png,hole
test/hole/hole_02214.png,hole
test/hole/hole_02217.png,hole
test/hole/hole_02229.png,crack
test/hole/hole_02231.png,hole
test/hole/hole_02233.png,hole
test/hole/hole_02234.png,hole
test/hole/hole_02242.png,hole
test/hole/hole_02247.png,hole
test/hole/hole_02257.png,hole
test/hole/hole_02264.png,hole
test/hole/hole_02270.png,hole
test/hole/hole_02279.png,hole
test/hole/hole_02282.png,hole
test/hole/hole_02283.png,hole
test/hole/hole_02295.png,hole
test/hole/hole_02309.png,hole
test/hole/hole_02310.png,hole
test/hole/hole_02313.png,hole
test/hole/hole_02322.png,hole
test/hole/hole_02326.png,hole
test/hole/hole_02329.png,hole
test/hole/hole_02336.png,hole
test/hole/hole_02341.png,hole
test/hole/hole_02351.png,hole
test/hole/hole_02353.png,hole
test/hole/hole_02355.png,hole
test/hole/hole_02360.png,hole
test/hole/hole_02364.png,hole
test/hole/hole_02369.png,crack
test/hole/hole_02376.png,hole
test/hole/hole_02381.png,crack
test/hole/hole_02382.png,hole
test/hole/hole_02388.png,hole
test/hole/hole_02396.png,hole
test/hole/hole_02398.png,hole
test/hole/hole_02399.png,hole
test/hole/hole_02401.png,hole
test/hole/hole_02404.png,hole
test/hole/hole_02411.png,hole
test/hole/hole_02414.png,hole
test/hole/hole_02427.png,hole
test/hole/hole_02435.png,hole
test/hole/hole_02439.png,hole
test/hole/hole_02440.png,hole
test/hole/hole_02447.png,hole
test/hole/hole_02448.png,hole
test/hole/hole_02450.png,hole
test/hole/hole_02456.png,hole
test/hole/hole_02461.png,hole
test/hole/hole_02475.png,hole
test/hole/hole_02479.png,hole
test/hole/hole_02482.png,hole
test/hole/hole_02492.png,hole
test/hole/hole_02494.png,hole
test/hole/hole_02500.png,hole
test/hole/hole_02504.png,hole
test/hole/hole_02507.png,hole
test/hole/hole_02508.png,hole
test/hole/hole_02517.png,crack
test/hole/hole_02521.png,hole
test/hole/hole_02522.png,hole
test/hole/hole_02524.png,hole
test/hole/hole_02526.png,hole
test/hole/hole_02535.png,hole
test/hole/hole_02539.png,hole
test/hole/hole_02541.png,hole
test/hole/hole_02542.png,hole
test/hole/hole_02552.png,hole
test/hole/hole_02555.png,hole
test/hole/hole_02568.png,hole
test/hole/hole_02569.png,crack
test/hole/hole_02570.png,hole
test/hole/hole_02575.png,hole
test/hole/hole_02580.png,crack
test/hole/hole_02582.png,hole
test/hole/hole_02585.png,hole
test/hole/hole_02586.png,hole
test/hole/hole_02588.png,hole
test/hole/hole_02590.png,hole
test/hole/hole_02591.png,hole
test/hole/hole_02598.png,hole
test/hole/hole_02617.png,hole
test/hole/hole_02622.png,hole
test/hole/hole_02623.png,hole
test/hole/hole_02624.png,hole
test/hole/hole_02625.png,hole
test/hole/hole_02628.png,hole
test/hole/hole_02631.png,hole
test/hole/hole_02633.png,hole
test/hole/hole_02635.png,hole
test/hole/hole_02646.png,hole
test/hole/hole_02648.png,hole
test/hole/hole_02649.png,hole
test/hole/hole_02654.png,hole
test/hole/hole_02655.png,hole
test/hole/hole_02657.png,hole
test/hole/hole_02660.png,hole
test/hole/hole_02664.png,hole
test/hole/hole_02666.png,hole
test/hole/hole_02671.png,hole
test/hole/hole_02672.png,hole
test/hole/hole_02673.png,hole
test/hole/hole_02677.png,hole
test/hole/hole_02683.png,hole
test/hole/hole_02685.png,crack
test/hole/hole_02687.png,hole
test/hole/hole_02688.png,hole
test/hole/hole_02701.png,hole
test/hole/hole_02703.png,hole
test/hole/hole_02706.png,hole
test/hole/hole_02709.png,hole
test/hole/hole_02710.png,hole
test/hole/hole_02712.png,hole
test/hole/hole_02714.png,hole
test/hole/hole_02717.png,hole
test/hole/hole_02722.png,hole
test/hole/hole_02727.png,hole
test/hole/hole_02728.png,hole
test/hole/hole_02733.png,hole
test/hole/hole_02750.png,hole
test/hole/hole_02754.png,hole
test/hole/hole_02756.png,hole
test/hole/hole_02757.png,hole
test/hole/hole_02759.png,hole
test/hole/hole_02763.png,hole
test/hole/hole_02765.png,crack
test/hole/hole_02767.png,hole
test/hole/hole_02771.png,hole
test/hole/hole_02779.png,hole
test/hole/hole_02786.png,hole
test/hole/hole_02789.png,hole
test/hole/hole_02790.png,hole
test/hole/hole_02795.png,hole
test/hole/hole_02814.png,hole
test/hole/hole_02817.png,hole
test/hole/hole_02820.png,hole
test/hole/hole_02821.png,hole
test/hole/hole_02833.png,hole
test/hole/hole_02840.png,hole
test/hole/hole_02842.png,hole
test/hole/hole_02844.png,hole
test/hole/hole_02847.png,hole
test/hole/hole_02854.png,hole
test/hole/hole_02859.png,hole
test/hole/hole_02869.png,hole
test/hole/hole_02875.png,hole
test/hole/hole_02876.png,hole
test/hole/hole_02883.png,hole
test/hole/hole_02884.png,hole
test/hole/hole_02886.png,hole
test/hole/hole_02887.png,hole
test/hole/hole_02889.png,hole
test/hole/hole_02891.png,hole
test/hole/hole_02894.png,hole
test/hole/hole_02895.png,scratch
test/hole/hole_02896.png,hole
test/hole/hole_02905.png,hole
test/hole/hole_02906.png,hole
test/hole/hole_02922.png,hole
test/hole/hole_02941.png,hole
test/hole/hole_02944.png,hole
test/hole/hole_02947.png,hole
test/hole/hole_02957.png,hole
test/hole/hole_02959.png,hole
test/hole/hole_02964.png,hole
test/hole/hole_02965.png,crack
test/hole/hole_02976.png,hole
test/hole/hole_02980.png,hole
test/hole/hole_02981.png,hole
test/hole/hole_02982.png,hole
test/hole/hole_02983.png,hole
test/hole/hole_02985.png,hole
test/hole/hole_02987.png,hole
test/hole/hole_02988.png,hole
test/hole/hole_02996.png,hole
test/hole/hole_02997.png,hole
test/hole/hole_02998.png,hole
test/hole/hole_02999.png,hole
test/normal/normal_00001.png,normal
test/normal/normal_00002.png,normal
test/normal/normal_00008.png,normal
test/normal/normal_00009.png,normal
test/normal/normal_00011.png,normal
test/normal/normal_00017.png,normal
test/normal/normal_00019.png,normal
test/normal/normal_00022.png,normal
test/normal/normal_00029.png,normal
test/normal/normal_00039.png,normal
test/normal/normal_00045.png,normal
test/normal/normal_00051.png,normal
test/normal/normal_00052.png,normal
test/normal/normal_00055.png,normal
test/normal/normal_00058.png,normal
test/normal/normal_00066.png,normal
test/normal/normal_00074.png,normal
test/normal/normal_00083.png,normal
test/normal/normal_00087.png,normal
test/normal/normal_00094.png,normal
test/normal/normal_00095.png,normal
test/normal/normal_00097.png,normal
test/normal/normal_00101.png,normal
test/normal/normal_00112.png,normal
test/normal/normal_00125.png,normal
test/normal/normal_00126.png,normal
test/normal/normal_00128.png,normal
test/normal/normal_00133.png,normal
test/normal/normal_00141.png,normal
test/normal/normal_00158.png,normal
test/normal/normal_00165.png,normal
test/normal/normal_00166.png,normal
test/normal/normal_00179.png,normal
test/normal/normal_00180.png,normal
test/normal/normal_00184.png,normal
test/normal/normal_00190.png,normal
test/normal/normal_00192.png,normal
test/normal/normal_00195.png,normal
test/normal/normal_00196.png,normal
test/normal/normal_00198.png,normal
test/normal/normal_00201.png,normal
test/normal/normal_00218.png,normal
test/normal/normal_00223.png,normal
test/normal/normal_00225.png,normal
test/normal/normal_00228.png,normal
test/normal/normal_00231.png,normal
test/normal/normal_00234.png,normal
test/normal/normal_00237.png,normal
test/normal/normal_00239.png,normal
test/normal/normal_00240.png,normal
test/normal/normal_00242.png,normal
test/normal/normal_00248.png,normal
test/normal/normal_00249.png,normal
test/normal/normal_00251.png,normal
test/normal/normal_00253.png,normal
test/normal/normal_00262.png,normal
test/normal/normal_00268.png,normal
test/normal/normal_00281.png,normal
test/normal/normal_00285.png,normal
test/normal/normal_00291.png,normal
test/normal/normal_00293.png,normal
test/normal/normal_00294.png,normal
test/normal/normal_00297.png,normal
test/normal/normal_00299.png,normal
test/normal/normal_00302.png,normal
test/normal/normal_00304.png,normal
test/normal/normal_00307.png,normal
test/normal/normal_00316.png,normal
test/normal/normal_00317.png,normal
test/normal/normal_00320.png,normal
test/normal/normal_00322.png,normal
test/normal/normal_00323.png,normal
test/normal/normal_00337.png,normal
test/normal/normal_00338.png,normal
test/normal/normal_00349.png,normal
test/normal/normal_00352.png,normal
test/normal/normal_00354.png,normal
test/normal/normal_00369.png,normal
test/normal/normal_00371.png,normal
test/normal/normal_00380.png,normal
test/normal/normal_00385.png,normal
test/normal/normal_00392.png,normal
test/normal/normal_00411.png,normal
test/normal/normal_00420.png,normal
test/normal/normal_00425.png,normal
test/normal/normal_00426.png,normal
test/normal/normal_00428.png,normal
test/normal/normal_00430.png,normal
test/normal/normal_00431.png,normal
test/normal/normal_00433.png,normal
test/normal/normal_00437.png,normal
test/normal/normal_00441.png,normal
test/normal/normal_00444.png,normal
test/normal/normal_00445.png,normal
test/normal/normal_00446.png,normal
test/normal/normal_00450.png,normal
test/normal/normal_00477.png,normal
test/normal/normal_00480.png,normal
test/normal/normal_00481.png,normal
test/normal/normal_00485.png,normal
test/normal/normal_00496.png,normal
test/normal/normal_00498.png,normal
test/normal/normal_00502.png,normal
test/normal/normal_00515.png,normal
test/normal/normal_00517.png,normal
test/normal/normal_00518.png,normal
test/normal/normal_00520.png,normal
test/normal/normal_00523.png,normal
test/normal/normal_00529.png,normal
test/normal/normal_00532.png,normal
test/normal/normal_00537.png,normal
test/normal/normal_00538.png,normal
test/normal/normal_00545.png,normal
test/normal/normal_00547.png,normal
test/normal/normal_00549.png,normal
test/normal/normal_00550.png,normal
test/normal/normal_00551.png,normal
test/normal/normal_00560.png,normal
test/normal/normal_00562.png,normal
test/normal/normal_00573.png,normal
test/normal/normal_00581.png,normal
test/normal/normal_00582.png,normal
test/normal/normal_00589.png,normal
test/normal/normal_00590.png,normal
test/normal/normal_00591.png,normal
test/normal/normal_00607.png,normal
test/normal/normal_00610.png,normal
test/normal/normal_00616.png,normal
test/normal/normal_00620.png,normal
test/normal/normal_00625.png,normal
test/normal/normal_00641.png,normal
test/normal/normal_00650.png,normal
test/normal/normal_00657.png,normal
test/normal/normal_00669.png,normal
test/normal/normal_00682.png,normal
test/normal/normal_00687.png,normal
test/normal/normal_00700.png,normal
test/normal/normal_00703.png,normal
test/normal/normal_00707.png,normal
test/normal/normal_00710.png,normal
test/normal/normal_00711.png,normal
test/normal/normal_00712.png,normal
test/normal/normal_00714.png,normal
test/normal/normal_00717.png,normal
test/normal/normal_00719.png,normal
test/normal/normal_00720.png,normal
test/normal/normal_00725.png,normal
test/normal/normal_00726.png,normal
test/normal/normal_00730.png,normal
test/normal/normal_00733.png,normal
test/normal/normal_00736.png,normal
test/normal/normal_00742.png,normal
test/normal/normal_00744.png,normal
test/normal/normal_00747.png,normal
test/normal/normal_00748.png,normal
test/normal/normal_00754.png,normal
test/normal/normal_00759.png,normal
test/normal/normal_00760.png,normal
test/normal/normal_00762.png,normal
test/normal/normal_00772.png,normal
test/normal/normal_00773.png,normal
test/normal/normal_00781.png,normal
test/normal/normal_00784.png,normal
test/normal/normal_00786.png,normal
test/normal/normal_00802.png,normal
test/normal/normal_00804.png,normal
test/normal/normal_00810.png,normal
test/normal/normal_00812.png,normal
test/normal/normal_00828.png,normal
test/normal/normal_00837.png,normal
test/normal/normal_00840.png,normal
test/normal/normal_00845.png,normal
test/normal/normal_00846.png,normal
test/normal/normal_00857.png,normal
test/normal/normal_00859.png,normal
test/normal/normal_00863.png,normal
test/normal/normal_00878.png,normal
test/normal/normal_00889.png,normal
test/normal/normal_00894.png,normal
test/normal/normal_00904.png,normal
test/normal/normal_00910.png,normal
test/normal/normal_00921.png,normal
test/normal/normal_00922.png,normal
test/normal/normal_00924.png,normal
test/normal/normal_00927.png,normal
test/normal/normal_00931.png,normal
test/normal/normal_00932.png,normal
test/normal/normal_00933.png,normal
test/normal/normal_00934.png,normal
test/normal/normal_00936.png,normal
test/normal/normal_00937.png,normal
test/normal/normal_00944.png,normal
test/normal/normal_00945.png,normal
test/normal/normal_00951.png,normal
test/normal/normal_00956.png,normal
test/normal/normal_00957.png,normal
test/normal/normal_00962.png,normal
test/normal/normal_00967.png,normal
test/normal/normal_00971.png,normal
test/normal/normal_00974.png,normal
test/normal/normal_00977.png,normal
test/normal/normal_00978.png,normal
test/normal/normal_00979.png,normal
test/normal/normal_00981.png,normal
test/normal/normal_00982.png,normal
test/normal/normal_00984.png,normal
test/normal/normal_00988.png,normal
test/normal/normal_00990.png,normal
test/normal/normal_00996.png,normal
test/normal/normal_00998.png,normal
test/normal/normal_01004.png,normal
test/normal/normal_01017.png,normal
test/normal/normal_01036.png,normal
test/normal/normal_01046.png,normal
test/normal/normal_01052.png,normal
test/normal/normal_01058.png,normal
test/normal/normal_01067.png,normal
test/normal/normal_01075.png,normal
test/normal/normal_01109.png,normal
test/normal/normal_01120.png,normal
test/normal/normal_01124.png,normal
test/normal/normal_01126.png,normal
test/normal/normal_01128.png,normal
test/normal/normal_01129.png,normal
test/normal/normal_01139.png,normal
test/normal/normal_01140.png,normal
test/normal/normal_01142.png,normal
test/normal/normal_01143.png,normal
test/normal/normal_01150.png,normal
test/normal/normal_01152.png,normal
test/normal/normal_01163.png,normal
test/normal/normal_01171.png,normal
test/normal/normal_01182.png,normal
test/normal/normal_01185.png,normal
test/normal/normal_01199.png,normal
test/normal/normal_01210.png,normal
test/normal/normal_01213.png,normal
test/normal/normal_01224.png,normal
test/normal/normal_01226.png,normal
test/normal/normal_01230.png,normal
test/normal/normal_01232.png,normal
test/normal/normal_01237.png,normal
test/normal/normal_01241.png,normal
test/normal/normal_01243.png,normal
test/normal/normal_01244.png,normal
test/normal/normal_01246.png,normal
test/normal/normal_01248.png,normal
test/normal/normal_01251.png,normal
test/normal/normal_01253.png,normal
test/normal/normal_01263.png,normal
test/normal/normal_01267.png,normal
test/normal/normal_01269.png,normal
test/normal/normal_01271.png,normal
test/normal/normal_01274.png,normal
test/normal/normal_01284.png,normal
test/normal/normal_01287.png,normal
test/normal/normal_01294.png,normal
test/normal/normal_01297.png,normal
test/normal/normal_01298.png,normal
test/normal/normal_01299.png,normal
test/normal/normal_01302.png,normal
test/normal/normal_01305.png,normal
test/normal/normal_01309.png,normal
test/normal/normal_01312.png,normal
test/normal/normal_01315.png,normal
test/normal/normal_01316.png,normal
test/normal/normal_01319.png,normal
test/normal/normal_01322.png,normal
test/normal/normal_01324.png,normal
test/normal/normal_01332.png,normal
test/normal/normal_01339.png,normal
test/normal/normal_01347.png,normal
test/normal/normal_01351.png,normal
test/normal/normal_01354.png,normal
test/normal/normal_01365.png,normal
test/normal/normal_01367.png,normal
test/normal/normal_01369.png,normal
test/normal/normal_01371.png,normal
test/normal/normal_01372.png,normal
test/normal/normal_01378.png,normal
test/normal/normal_01379.png,normal
test/normal/normal_01385.png,normal
test/normal/normal_01389.png,normal
test/normal/normal_01398.png,normal
test/normal/normal_01407.png,normal
test/normal/normal_01418.png,normal
test/normal/normal_01424.png,normal
test/normal/normal_01427.png,normal
test/normal/normal_01433.png,normal
test/normal/normal_01435.png,normal
test/normal/normal_01439.png,normal
test/normal/normal_01445.png,normal
test/normal/normal_01448.png,normal
test/normal/normal_01469.png,normal
test/normal/normal_01471.png,normal
test/normal/normal_01472.png,normal
test/normal/normal_01474.png,normal
test/normal/normal_01482.png,normal
test/normal/normal_01483.png,normal
test/normal/normal_01490.png,normal
test/normal/normal_01495.png,normal
test/normal/normal_01497.png,normal
test/normal/normal_01498.png,normal
test/normal/normal_01499.png,normal
test/normal/normal_01504.png,normal
test/normal/normal_01505.png,normal
test/normal/normal_01512.png,normal
test/normal/normal_01516.png,normal
test/normal/normal_01518.png,normal
test/normal/normal_01519.png,normal
test/normal/normal_01521.png,normal
test/normal/normal_01522.png,normal
test/normal/normal_01524.png,normal
test/normal/normal_01527.png,normal
test/normal/normal_01530.png,normal
test/normal/normal_01535.png,normal
test/normal/normal_01542.png,normal
test/normal/normal_01546.png,normal
test/normal/normal_01548.png,normal
test/normal/normal_01549.png,normal
test/normal/normal_01552.png,normal
test/normal/normal_01559.png,normal
test/normal/normal_01566.png,normal
test/normal/normal_01568.png,normal
test/normal/normal_01574.png,normal
test/normal/normal_01579.png,normal
test/normal/normal_01587.png,normal
test/normal/normal_01588.png,normal
test/normal/normal_01592.png,normal
test/normal/normal_01609.png,normal
test/normal/normal_01613.png,normal
test/normal/normal_01619.png,normal
test/normal/normal_01620.png,normal
test/normal/normal_01621.png,normal
test/normal/normal_01624.png,normal
test/normal/normal_01633.png,normal
test/normal/normal_01634.png,normal
test/normal/normal_01638.png,normal
test/normal/normal_01642.png,normal
test/normal/normal_01653.png,normal
test/normal/normal_01659.png,normal
test/normal/normal_01675.png,normal
test/normal/normal_01678.png,normal
test/normal/normal_01681.png,normal
test/normal/normal_01684.png,normal
test/normal/normal_01688.png,normal
test/normal/normal_01689.png,normal
test/normal/normal_01691.png,normal
test/normal/normal_01698.png,normal
test/normal/normal_01702.png,normal
test/normal/normal_01718.png,normal
test/normal/normal_01719.png,normal
test/normal/normal_01721.png,normal
test/normal/normal_01725.png,normal
test/normal/normal_01728.png,normal
test/normal/normal_01732.png,normal
test/normal/normal_01734.png,normal
test/normal/normal_01738.png,normal
test/normal/normal_01739.png,normal
test/normal/normal_01740.png,normal
test/normal/normal_01741.png,normal
test/normal/normal_01745.png,normal
test/normal/normal_01759.png,normal
test/normal/normal_01763.png,normal
test/normal/normal_01766.png,normal
test/normal/normal_01767.png,normal
test/normal/normal_01773.png,normal
test/normal/normal_01778.png,normal
test/normal/normal_01787.png,normal
test/normal/normal_01789.png,normal
test/normal/normal_01803.png,normal
test/normal/normal_01804.png,normal
test/normal/normal_01809.png,normal
test/normal/normal_01814.png,normal
test/normal/normal_01816.png,normal
test/normal/normal_01821.png,normal
test/normal/normal_01823.png,normal
test/normal/normal_01837.png,normal
test/normal/normal_01843.png,normal
test/normal/normal_01845.png,normal
test/normal/normal_01847.png,normal
test/normal/normal_01851.png,normal
test/normal/normal_01861.png,normal
test/normal/normal_01864.png,normal
test/normal/normal_01865.png,normal
test/normal/normal_01878.png,normal
test/normal/normal_01879.png,normal
test/normal/normal_01884.png,normal
test/normal/normal_01891.png,normal
test/normal/normal_01898.png,normal
test/normal/normal_01899.png,normal
test/normal/normal_01900.png,normal
test/normal/normal_01909.png,normal
test/normal/normal_01921.png,normal
test/normal/normal_01928.png,normal
test/normal/normal_01930.png,normal
test/normal/normal_01952.png,normal
test/normal/normal_01953.png,normal
test/normal/normal_01955.png,normal
test/normal/normal_01956.png,normal
test/normal/normal_01957.png,normal
test/normal/normal_01960.png,normal
test/normal/normal_01968.png,normal
test/normal/normal_01971.png,normal
test/normal/normal_01976.png,normal
test/normal/normal_01977.png,normal
test/normal/normal_01984.png,normal
test/normal/normal_01988.png,normal
test/normal/normal_02002.png,normal
test/normal/normal_02020.png,normal
test/normal/normal_02030.png,normal
test/normal/normal_02048.png,normal
test/normal/normal_02049.png,normal
test/normal/normal_02051.png,normal
test/normal/normal_02059.png,normal
test/normal/normal_02069.png,normal
test/normal/normal_02082.png,normal
test/normal/normal_02084.png,normal
test/normal/normal_02089.png,normal
test/normal/normal_02092.png,normal
test/normal/normal_02097.png,normal
test/normal/normal_02102.png,normal
test/normal/normal_02104.png,normal
test/normal/normal_02114.png,normal
test/normal/normal_02119.png,normal
test/normal/normal_02120.png,normal
test/normal/normal_02121.png,normal
test/normal/normal_02124.png,normal
test/normal/normal_02128.png,normal
test/normal/normal_02136.png,normal
test/normal/normal_02138.png,normal
test/normal/normal_02139.png,normal
test/normal/normal_02143.png,normal
test/normal/normal_02144.png,normal
test/normal/normal_02145.png,normal
test/normal/normal_02147.png,normal
test/normal/normal_02153.png,normal
test/normal/normal_02155.png,normal
test/normal/normal_02156.png,normal
test/normal/normal_02161.png,normal
test/normal/normal_02162.png,normal
test/normal/normal_02163.png,normal
test/normal/normal_02166.png,normal
test/normal/normal_02167.png,normal
test/normal/normal_02169.png,normal
test/normal/normal_02171.png,normal
test/normal/normal_02175.png,normal
test/normal/normal_02178.png,normal
test/normal/normal_02197.png,normal
test/normal/normal_02208.png,normal
test/normal/normal_02216.png,normal
test/normal/normal_02220.png,normal
test/normal/normal_02221.png,normal
test/normal/normal_02225.png,normal
test/normal/normal_02227.png,normal
test/normal/normal_02232.png,normal
test/normal/normal_02246.png,normal
test/normal/normal_02248.png,normal
test/normal/normal_02249.png,normal
test/normal/normal_02255.png,normal
test/normal/normal_02257.png,normal
test/normal/normal_02265.png,normal
test/normal/normal_02267.png,normal
test/normal/normal_02275.png,normal
test/normal/normal_02286.png,normal
test/normal/normal_02294.png,normal
test/normal/normal_02298.png,normal
test/normal/normal_02309.png,normal
test/normal/normal_02313.png,normal
test/normal/normal_02322.png,normal
test/normal/normal_02330.png,normal
test/normal/normal_02337.png,normal
test/normal/normal_02349.png,normal
test/normal/normal_02350.png,normal
test/normal/normal_02357.png,normal
test/normal/normal_02363.png,normal
test/normal/normal_02365.png,normal
test/normal/normal_02366.png,normal
test/normal/normal_02372.png,normal
test/normal/normal_02377.png,normal
test/normal/normal_02383.png,normal
test/normal/normal_02386.png,normal
test/normal/normal_02390.png,normal
test/normal/normal_02401.png,normal
test/normal/normal_02404.png,normal
test/normal/normal_02408.png,normal
test/normal/normal_02409.png,normal
test/normal/normal_02417.png,normal
test/normal/normal_02420.png,normal
test/normal/normal_02428.png,normal
test/normal/normal_02444.png,normal
test/normal/normal_02445.png,normal
test/normal/normal_02446.png,normal
test/normal/normal_02448.png,normal
test/normal/normal_02458.png,normal
test/normal/normal_02460.png,normal
test/normal/normal_02462.png,normal
test/normal/normal_02464.png,normal
test/normal/normal_02486.png,normal
test/normal/normal_02492.png,normal
test/normal/normal_02500.png,normal
test/normal/normal_02502.png,normal
test/normal/normal_02513.png,normal
test/normal/normal_02518.png,normal
test/normal/normal_02520.png,normal
test/normal/normal_02525.png,normal
test/normal/normal_02536.png,normal
test/normal/normal_02551.png,normal
test/normal/normal_02555.png,normal
test/normal/normal_02558.png,normal
test/normal/normal_02569.png,normal
test/normal/normal_02581.png,normal
test/normal/normal_02584.png,normal
test/normal/normal_02586.png,normal
test/normal/normal_02587.png,normal
test/normal/normal_02588.png,normal
test/normal/normal_02590.png,normal
test/normal/normal_02592.png,normal
test/normal/normal_02598.png,normal
test/normal/normal_02601.png,normal
test/normal/normal_02602.png,normal
test/normal/normal_02605.png,normal
test/normal/normal_02609.png,normal
test/normal/normal_02626.png,normal
test/normal/normal_02627.png,normal
test/normal/normal_02630.png,normal
test/normal/normal_02631.png,normal
test/normal/normal_02632.png,normal
test/normal/normal_02640.png,normal
test/normal/normal_02644.png,normal
test/normal/normal_02648.png,normal
test/normal/normal_02649.png,normal
test/normal/normal_02662.png,normal
test/normal/normal_02663.png,normal
test/normal/normal_02673.png,normal
test/normal/normal_02674.png,normal
test/normal/normal_02678.png,normal
test/normal/normal_02683.png,normal
test/normal/normal_02684.png,normal
test/normal/normal_02687.png,normal
test/normal/normal_02691.png,normal
test/normal/normal_02694.png,normal
test/normal/normal_02697.png,normal
test/normal/normal_02698.png,normal
test/normal/normal_02709.png,normal
test/normal/normal_02710.png,normal
test/normal/normal_02733.png,normal
test/normal/normal_02734.png,normal
test/normal/normal_02736.png,normal
test/normal/normal_02737.png,normal
test/normal/normal_02742.png,normal
test/normal/normal_02743.png,normal
test/normal/normal_02752.png,normal
test/normal/normal_02755.png,normal
test/normal/normal_02756.png,normal
test/normal/normal_02759.png,normal
test/normal/normal_02765.png,normal
test/normal/normal_02767.png,normal
test/normal/normal_02772.png,normal
test/normal/normal_02781.png,normal
test/normal/normal_02783.png,normal
test/normal/normal_02795.png,normal
test/normal/normal_02798.png,normal
test/normal/normal_02812.png,normal
test/normal/normal_02814.png,normal
test/normal/normal_02815.png,normal
test/normal/normal_02819.png,normal
test/normal/normal_02828.png,normal
test/normal/normal_02832.png,normal
test/normal/normal_02835.png,normal
test/normal/normal_02839.png,normal
test/normal/normal_02841.png,normal
test/normal/normal_02846.png,normal
test/normal/normal_02850.png,normal
test/normal/normal_02871.png,normal
test/normal/normal_02877.png,normal
test/normal/normal_02892.png,normal
test/normal/normal_02894.png,normal
test/normal/normal_02899.png,normal
test/normal/normal_02903.png,normal
test/normal/normal_02909.png,normal
test/normal/normal_02913.png,normal
test/normal/normal_02916.png,normal
test/normal/normal_02918.png,normal
test/normal/normal_02930.png,normal
test/normal/normal_02933.png,normal
test/normal/normal_02939.png,normal
test/normal/normal_02943.png,normal
test/normal/normal_02950.png,normal
test/normal/normal_02957.png,normal
test/normal/normal_02958.png,normal
test/normal/normal_02959.png,normal
test/normal/normal_02960.png,normal
test/normal/normal_02970.png,normal
test/normal/normal_02971.png,normal
test/normal/normal_02972.png,normal
test/normal/normal_02973.png,normal
test/normal/normal_02974.png,normal
test/normal/normal_02979.png,normal
test/normal/normal_02997.png,normal
test/rust/rust_00006.png,rust
test/rust/rust_00020.png,rust
test/rust/rust_00022.png,rust
test/rust/rust_00026.png,rust
test/rust/rust_00029.png,rust
test/rust/rust_00034.png,rust
test/rust/rust_00036.png,rust
test/rust/rust_00039.png,rust
test/rust/rust_00055.png,rust
test/rust/rust_00062.png,rust
test/rust/rust_00063.png,rust
test/rust/rust_00066.png,rust
test/rust/rust_00075.png,rust
test/rust/rust_00077.png,rust
test/rust/rust_00082.png,rust
test/rust/rust_00085.png,rust
test/rust/rust_00092.png,rust
test/rust/rust_00098.png,rust
test/rust/rust_00099.png,rust
test/rust/rust_00100.png,rust
test/rust/rust_00105.png,rust
test/rust/rust_00113.png,rust
test/rust/rust_00124.png,rust
test/rust/rust_00125.png,rust
test/rust/rust_00135.png,rust
test/rust/rust_00139.png,rust
test/rust/rust_00149.png,rust
test/rust/rust_00155.png,rust
test/rust/rust_00160.png,rust
test/rust/rust_00164.png,rust
test/rust/rust_00165.png,rust
test/rust/rust_00167.png,scratch
test/rust/rust_00170.png,rust
test/rust/rust_00179.png,rust
test/rust/rust_00189.png,rust
test/rust/rust_00191.png,rust
test/rust/rust_00195.png,rust
test/rust/rust_00200.png,rust
test/rust/rust_00202.png,rust
test/rust/rust_00203.png,rust
test/rust/rust_00204.png,rust
test/rust/rust_00209.png,rust
test/rust/rust_00213.png,rust
test/rust/rust_00214.png,rust
test/rust/rust_00219.png,scratch
test/rust/rust_00222.png,rust
test/rust/rust_00225.png,rust
test/rust/rust_00228.png,rust
test/rust/rust_00231.png,rust
test/rust/rust_00235.png,rust
test/rust/rust_00244.png,rust
test/rust/rust_00263.png,rust
test/rust/rust_00264.png,rust
test/rust/rust_00266.png,scratch
test/rust/rust_00267.png,rust
test/rust/rust_00268.png,rust
test/rust/rust_00274.png,rust
test/rust/rust_00280.png,rust
test/rust/rust_00287.png,rust
test/rust/rust_00293.png,rust
test/rust/rust_00294.png,rust
test/rust/rust_00296.png,rust
test/rust/rust_00297.png,rust
test/rust/rust_00304.png,hole
test/rust/rust_00310.png,rust
test/rust/rust_00319.png,rust
test/rust/rust_00320.png,rust
test/rust/rust_00327.png,rust
test/rust/rust_00329.png,rust
test/rust/rust_00331.png,rust
test/rust/rust_00334.png,rust
test/rust/rust_00336.png,rust
test/rust/rust_00340.png,rust
test/rust/rust_00351.png,rust
test/rust/rust_00370.png,rust
test/rust/rust_00376.png,rust
test/rust/rust_00379.png,rust
test/rust/rust_00385.png,rust
test/rust/rust_00390.png,rust
test/rust/rust_00405.png,rust
test/rust/rust_00415.png,rust
test/rust/rust_00424.png,scratch
test/rust/rust_00427.png,rust
test/rust/rust_00432.png,rust
test/rust/rust_00434.png,scratch
test/rust/rust_00437.png,rust
test/rust/rust_00445.png,rust
test/rust/rust_00455.png,rust
test/rust/rust_00458.png,rust
test/rust/rust_00461.png,rust
test/rust/rust_00465.png,rust
test/rust/rust_00466.png,rust
test/rust/rust_00467.png,rust
test/rust/rust_00472.png,rust
test/rust/rust_00477.png,rust
test/rust/rust_00486.png,rust
test/rust/rust_00489.png,rust
test/rust/rust_00491.png,rust
test/rust/rust_00492.png,rust
test/rust/rust_00496.png,rust
test/rust/rust_00497.png,rust
test/rust/rust_00500.png,rust
test/rust/rust_00506.png,rust
test/rust/rust_00509.png,rust
test/rust/rust_00510.png,rust
test/rust/rust_00512.png,rust
test/rust/rust_00517.png,rust
test/rust/rust_00527.png,rust
test/rust/rust_00528.png,rust
test/rust/rust_00532.png,rust
test/rust/rust_00538.png,rust
test/rust/rust_00543.png,rust
test/rust/rust_00550.png,rust
test/rust/rust_00554.png,rust
test/rust/rust_00559.png,rust
test/rust/rust_00562.png,rust
test/rust/rust_00563.png,rust
test/rust/rust_00579.png,rust
test/rust/rust_00580.png,rust
test/rust/rust_00587.png,rust
test/rust/rust_00593.png,rust
test/rust/rust_00595.png,rust
test/rust/rust_00597.png,rust
test/rust/rust_00603.png,rust
test/rust/rust_00605.png,rust
test/rust/rust_00608.png,rust
test/rust/rust_00609.png,rust
test/rust/rust_00612.png,rust
test/rust/rust_00614.png,rust
test/rust/rust_00616.png,rust
test/rust/rust_00619.png,rust
test/rust/rust_00625.png,rust
test/rust/rust_00627.png,rust
test/rust/rust_00628.png,rust
test/rust/rust_00646.png,rust
test/rust/rust_00660.png,rust
test/rust/rust_00661.png,rust
test/rust/rust_00664.png,rust
test/rust/rust_00667.png,rust
test/rust/rust_00670.png,rust
test/rust/rust_00693.png,rust
test/rust/rust_00699.png,rust
test/rust/rust_00709.png,rust
test/rust/rust_00714.png,rust
test/rust/rust_00715.png,rust
test/rust/rust_00718.png,rust
test/rust/rust_00721.png,rust
test/rust/rust_00727.png,rust
test/rust/rust_00729.png,rust
test/rust/rust_00731.png,rust
test/rust/rust_00743.png,rust
test/rust/rust_00749.png,rust
test/rust/rust_00752.png,rust
test/rust/rust_00755.png,rust
test/rust/rust_00759.png,rust
test/rust/rust_00764.png,rust
test/rust/rust_00767.png,rust
test/rust/rust_00768.png,rust
test/rust/rust_00769.png,rust
test/rust/rust_00770.png,rust
test/rust/rust_00771.png,rust
test/rust/rust_00772.png,rust
test/rust/rust_00784.png,rust
test/rust/rust_00786.png,rust
test/rust/rust_00791.png,rust
test/rust/rust_00795.png,rust
test/rust/rust_00806.png,rust
test/rust/rust_00814.png,rust
test/rust/rust_00827.png,rust
test/rust/rust_00830.png,rust
test/rust/rust_00832.png,rust
test/rust/rust_00834.png,rust
test/rust/rust_00840.png,rust
test/rust/rust_00843.png,rust
test/rust/rust_00845.png,rust
test/rust/rust_00846.png,rust
test/rust/rust_00854.png,rust
test/rust/rust_00864.png,rust
test/rust/rust_00865.png,scratch
test/rust/rust_00872.png,rust
test/rust/rust_00890.png,rust
test/rust/rust_00899.png,rust
test/rust/rust_00906.png,scratch
test/rust/rust_00909.png,rust
test/rust/rust_00916.png,rust
test/rust/rust_00918.png,rust
test/rust/rust_00927.png,rust
test/rust/rust_00929.png,rust
test/rust/rust_00936.png,rust
test/rust/rust_00937.png,rust
test/rust/rust_00947.png,rust
test/rust/rust_00952.png,rust
test/rust/rust_00960.png,rust
test/rust/rust_00968.png,rust
test/rust/rust_00971.png,rust
test/rust/rust_00974.png,rust
test/rust/rust_00978.png,rust
test/rust/rust_00981.png,rust
test/rust/rust_00985.png,rust
test/rust/rust_00995.png,rust
test/rust/rust_01003.png,rust
test/rust/rust_01004.png,rust
test/rust/rust_01009.png,rust
test/rust/rust_01028.png,rust
test/rust/rust_01030.png,rust
test/rust/rust_01032.png,rust
test/rust/rust_01041.png,rust
test/rust/rust_01043.png,rust
test/rust/rust_01045.png,rust
test/rust/rust_01046.png,scratch
test/rust/rust_01048.png,rust
test/rust/rust_01053.png,rust
test/rust/rust_01061.png,rust
test/rust/rust_01075.png,rust
test/rust/rust_01077.png,rust
test/rust/rust_01078.png,rust
test/rust/rust_01080.png,rust
test/rust/rust_01102.png,rust
test/rust/rust_01125.png,rust
test/rust/rust_01132.png,rust
test/rust/rust_01146.png,rust
test/rust/rust_01150.png,rust
test/rust/rust_01158.png,rust
test/rust/rust_01159.png,rust
test/rust/rust_01160.png,scratch
test/rust/rust_01162.png,rust
test/rust/rust_01167.png,rust
test/rust/rust_01174.png,rust
test/rust/rust_01179.png,scratch
test/rust/rust_01186.png,scratch
test/rust/rust_01187.png,rust
test/rust/rust_01199.png,scratch
test/rust/rust_01211.png,rust
test/rust/rust_01213.png,rust
test/rust/rust_01221.png,rust
test/rust/rust_01226.png,rust
test/rust/rust_01235.png,rust
test/rust/rust_01236.png,rust
test/rust/rust_01237.png,rust
test/rust/rust_01240.png,rust
test/rust/rust_01251.png,rust
test/rust/rust_01252.png,rust
test/rust/rust_01261.png,rust
test/rust/rust_01270.png,rust
test/rust/rust_01279.png,rust
test/rust/rust_01282.png,rust
test/rust/rust_01283.png,rust
test/rust/rust_01290.png,rust
test/rust/rust_01291.png,rust
test/rust/rust_01292.png,rust
test/rust/rust_01307.png,rust
test/rust/rust_01308.png,rust
test/rust/rust_01313.png,rust
test/rust/rust_01322.png,rust
test/rust/rust_01325.png,rust
test/rust/rust_01332.png,rust
test/rust/rust_01333.png,rust
test/rust/rust_01339.png,rust
test/rust/rust_01340.png,rust
test/rust/rust_01348.png,rust
test/rust/rust_01351.png,rust
test/rust/rust_01353.png,rust
test/rust/rust_01357.png,rust
test/rust/rust_01365.png,rust
test/rust/rust_01367.png,rust
test/rust/rust_01371.png,rust
test/rust/rust_01374.png,rust
test/rust/rust_01396.png,rust
test/rust/rust_01398.png,rust
test/rust/rust_01399.png,rust
test/rust/rust_01403.png,rust
test/rust/rust_01405.png,rust
test/rust/rust_01408.png,rust
test/rust/rust_01413.png,rust
test/rust/rust_01417.png,rust
test/rust/rust_01418.png,rust
test/rust/rust_01419.png,rust
test/rust/rust_01420.png,rust
test/rust/rust_01426.png,rust
test/rust/rust_01438.png,rust
test/rust/rust_01444.png,rust
test/rust/rust_01451.png,rust
test/rust/rust_01455.png,rust
test/rust/rust_01456.png,rust
test/rust/rust_01459.png,rust
test/rust/rust_01466.png,rust
test/rust/rust_01471.png,scratch
test/rust/rust_01476.png,rust
test/rust/rust_01482.png,rust
test/rust/rust_01489.png,rust
test/rust/rust_01496.png,rust
test/rust/rust_01498.png,rust
test/rust/rust_01499.png,rust
test/rust/rust_01500.png,rust
test/rust/rust_01501.png,rust
test/rust/rust_01508.png,rust
test/rust/rust_01512.png,rust
test/rust/rust_01519.png,rust
test/rust/rust_01521.png,rust
test/rust/rust_01528.png,rust
test/rust/rust_01530.png,rust
test/rust/rust_01535.png,rust
test/rust/rust_01536.png,rust
test/rust/rust_01543.png,rust
test/rust/rust_01553.png,rust
test/rust/rust_01558.png,rust
test/rust/rust_01571.png,scratch
test/rust/rust_01573.png,rust
test/rust/rust_01588.png,rust
test/rust/rust_01598.png,rust
test/rust/rust_01604.png,rust
test/rust/rust_01605.png,scratch
test/rust/rust_01608.png,rust
test/rust/rust_01610.png,rust
test/rust/rust_01613.png,rust
test/rust/rust_01617.png,rust
test/rust/rust_01622.png,rust
test/rust/rust_01628.png,rust
test/rust/rust_01633.png,rust
test/rust/rust_01637.png,rust
test/rust/rust_01638.png,rust
test/rust/rust_01643.png,rust
test/rust/rust_01648.png,rust
test/rust/rust_01649.png,rust
test/rust/rust_01650.png,rust
test/rust/rust_01659.png,rust
test/rust/rust_01662.png,rust
test/rust/rust_01664.png,rust
test/rust/rust_01666.png,rust
test/rust/rust_01668.png,rust
test/rust/rust_01682.png,rust
test/rust/rust_01683.png,rust
test/rust/rust_01690.png,rust
test/rust/rust_01693.png,rust
test/rust/rust_01694.png,rust
test/rust/rust_01695.png,rust
test/rust/rust_01707.png,rust
test/rust/rust_01710.png,rust
test/rust/rust_01712.png,rust
test/rust/rust_01713.png,rust
test/rust/rust_01720.png,rust
test/rust/rust_01724.png,rust
test/rust/rust_01729.png,rust
test/rust/rust_01735.png,rust
test/rust/rust_01737.png,rust
test/rust/rust_01739.png,rust
test/rust/rust_01744.png,rust
test/rust/rust_01756.png,rust
test/rust/rust_01757.png,rust
test/rust/rust_01764.png,rust
test/rust/rust_01766.png,rust
test/rust/rust_01767.png,rust
test/rust/rust_01773.png,rust
test/rust/rust_01776.png,rust
test/rust/rust_01779.png,rust
test/rust/rust_01783.png,rust
test/rust/rust_01794.png,rust
test/rust/rust_01804.png,rust
test/rust/rust_01808.png,rust
test/rust/rust_01812.png,rust
test/rust/rust_01817.png,rust
test/rust/rust_01822.png,rust
test/rust/rust_01824.png,rust
test/rust/rust_01829.png,rust
test/rust/rust_01831.png,rust
test/rust/rust_01834.png,rust
test/rust/rust_01835.png,rust
test/rust/rust_01840.png,rust
test/rust/rust_01848.png,rust
test/rust/rust_01849.png,rust
test/rust/rust_01864.png,rust
test/rust/rust_01865.png,scratch
test/rust/rust_01869.png,rust
test/rust/rust_01872.png,rust
test/rust/rust_01874.png,rust
test/rust/rust_01879.png,rust
test/rust/rust_01883.png,rust
test/rust/rust_01887.png,rust
test/rust/rust_01888.png,rust
test/rust/rust_01895.png,rust
test/rust/rust_01900.png,rust
test/rust/rust_01901.png,scratch
test/rust/rust_01908.png,rust
test/rust/rust_01910.png,rust
test/rust/rust_01913.png,rust
test/rust/rust_01914.png,rust
test/rust/rust_01916.png,rust
test/rust/rust_01917.png,rust
test/rust/rust_01921.png,rust
test/rust/rust_01932.png,rust
test/rust/rust_01935.png,rust
test/rust/rust_01938.png,rust
test/rust/rust_01941.png,rust
test/rust/rust_01942.png,rust
test/rust/rust_01950.png,rust
test/rust/rust_01952.png,rust
test/rust/rust_01955.png,rust
test/rust/rust_01959.png,rust
test/rust/rust_01961.png,rust
test/rust/rust_01966.png,rust
test/rust/rust_01980.png,rust
test/rust/rust_01993.png,hole
test/rust/rust_02002.png,rust
test/rust/rust_02008.png,rust
test/rust/rust_02016.png,rust
test/rust/rust_02017.png,rust
test/rust/rust_02021.png,rust
test/rust/rust_02028.png,rust
test/rust/rust_02033.png,rust
test/rust/rust_02034.png,rust
test/rust/rust_02038.png,rust
test/rust/rust_02044.png,rust
test/rust/rust_02059.png,rust
test/rust/rust_02061.png,rust
test/rust/rust_02069.png,rust
test/rust/rust_02070.png,rust
test/rust/rust_02077.png,rust
test/rust/rust_02082.png,rust
test/rust/rust_02083.png,rust
test/rust/rust_02087.png,rust
test/rust/rust_02089.png,rust
test/rust/rust_02090.png,rust
test/rust/rust_02111.png,rust
test/rust/rust_02116.png,rust
test/rust/rust_02129.png,rust
test/rust/rust_02131.png,rust
test/rust/rust_02136.png,rust
test/rust/rust_02141.png,hole
test/rust/rust_02165.png,rust
test/rust/rust_02174.png,rust
test/rust/rust_02177.png,rust
test/rust/rust_02178.png,rust
test/rust/rust_02190.png,rust
test/rust/rust_02192.png,rust
test/rust/rust_02202.png,rust
test/rust/rust_02205.png,rust
test/rust/rust_02209.png,rust
test/rust/rust_02213.png,rust
test/rust/rust_02215.png,rust
test/rust/rust_02219.png,rust
test/rust/rust_02223.png,rust
test/rust/rust_02227.png,rust
test/rust/rust_02228.png,rust
test/rust/rust_02232.png,rust
test/rust/rust_02235.png,rust
test/rust/rust_02250.png,rust
test/rust/rust_02258.png,rust
test/rust/rust_02259.png,rust
test/rust/rust_02261.png,scratch
test/rust/rust_02262.png,rust
test/rust/rust_02267.png,rust
test/rust/rust_02271.png,rust
test/rust/rust_02274.png,rust
test/rust/rust_02280.png,rust
test/rust/rust_02285.png,rust
test/rust/rust_02286.png,rust
test/rust/rust_02295.png,rust
test/rust/rust_02304.png,rust
test/rust/rust_02316.png,rust
test/rust/rust_02318.png,rust
test/rust/rust_02319.png,rust
test/rust/rust_02321.png,rust
test/rust/rust_02323.png,rust
test/rust/rust_02326.png,rust
test/rust/rust_02333.png,rust
test/rust/rust_02335.png,rust
test/rust/rust_02339.png,rust
test/rust/rust_02341.png,rust
test/rust/rust_02349.png,scratch
test/rust/rust_02354.png,rust
test/rust/rust_02356.png,rust
test/rust/rust_02358.png,rust
test/rust/rust_02359.png,rust
test/rust/rust_02360.png,rust
test/rust/rust_02362.png,rust
test/rust/rust_02367.png,rust
test/rust/rust_02368.png,rust
test/rust/rust_02372.png,rust
test/rust/rust_02373.png,rust
test/rust/rust_02375.png,rust
test/rust/rust_02376.png,rust
test/rust/rust_02391.png,rust
test/rust/rust_02401.png,rust
test/rust/rust_02404.png,rust
test/rust/rust_02406.png,rust
test/rust/rust_02408.png,rust
test/rust/rust_02413.png,rust
test/rust/rust_02415.png,rust
test/rust/rust_02423.png,rust
test/rust/rust_02427.png,rust
test/rust/rust_02429.png,rust
test/rust/rust_02463.png,hole
test/rust/rust_02465.png,scratch
test/rust/rust_02469.png,rust
test/rust/rust_02478.png,rust
test/rust/rust_02485.png,rust
test/rust/rust_02489.png,rust
test/rust/rust_02491.png,rust
test/rust/rust_02492.png,rust
test/rust/rust_02505.png,rust
test/rust/rust_02506.png,rust
test/rust/rust_02513.png,rust
test/rust/rust_02519.png,rust
test/rust/rust_02521.png,rust
test/rust/rust_02529.png,rust
test/rust/rust_02545.png,rust
test/rust/rust_02547.png,rust
test/rust/rust_02554.png,rust
test/rust/rust_02560.png,rust
test/rust/rust_02561.png,rust
test/rust/rust_02564.png,rust
test/rust/rust_02566.png,rust
test/rust/rust_02567.png,rust
test/rust/rust_02572.png,rust
test/rust/rust_02573.png,rust
test/rust/rust_02587.png,rust
test/rust/rust_02589.png,rust
test/rust/rust_02597.png,rust
test/rust/rust_02602.png,rust
test/rust/rust_02604.png,rust
test/rust/rust_02606.png,rust
test/rust/rust_02609.png,rust
test/rust/rust_02613.png,rust
test/rust/rust_02619.png,rust
test/rust/rust_02620.png,rust
test/rust/rust_02623.png,rust
test/rust/rust_02625.png,rust
test/rust/rust_02628.png,rust
test/rust/rust_02632.png,rust
test/rust/rust_02635.png,scratch
test/rust/rust_02637.png,rust
test/rust/rust_02638.png,rust
test/rust/rust_02642.png,rust
test/rust/rust_02648.png,rust
test/rust/rust_02649.png,rust
test/rust/rust_02652.png,rust
test/rust/rust_02653.png,rust
test/rust/rust_02660.png,rust
test/rust/rust_02663.png,rust
test/rust/rust_02669.png,rust
test/rust/rust_02691.png,rust
test/rust/rust_02701.png,rust
test/rust/rust_02702.png,rust
test/rust/rust_02706.png,rust
test/rust/rust_02709.png,rust
test/rust/rust_02715.png,rust
test/rust/rust_02725.png,rust
test/rust/rust_02733.png,rust
test/rust/rust_02752.png,rust
test/rust/rust_02764.png,rust
test/rust/rust_02767.png,rust
test/rust/rust_02769.png,rust
test/rust/rust_02775.png,rust
test/rust/rust_02776.png,rust
test/rust/rust_02790.png,rust
test/rust/rust_02792.png,rust
test/rust/rust_02798.png,rust
test/rust/rust_02805.png,rust
test/rust/rust_02811.png,rust
test/rust/rust_02813.png,rust
test/rust/rust_02816.png,rust
test/rust/rust_02823.png,rust
test/rust/rust_02832.png,rust
test/rust/rust_02835.png,rust
test/rust/rust_02836.png,rust
test/rust/rust_02845.png,rust
test/rust/rust_02847.png,rust
test/rust/rust_02855.png,rust
test/rust/rust_02859.png,rust
test/rust/rust_02866.png,rust
test/rust/rust_02868.png,rust
test/rust/rust_02875.png,rust
test/rust/rust_02876.png,rust
test/rust/rust_02882.png,rust
test/rust/rust_02901.png,rust
test/rust/rust_02902.png,rust
test/rust/rust_02904.png,rust
test/rust/rust_02906.png,rust
test/rust/rust_02909.png,rust
test/rust/rust_02919.png,rust
test/rust/rust_02932.png,rust
test/rust/rust_02934.png,rust
test/rust/rust_02935.png,rust
test/rust/rust_02937.png,rust
test/rust/rust_02946.png,rust
test/rust/rust_02948.png,rust
test/rust/rust_02951.png,rust
test/rust/rust_02955.png,rust
test/rust/rust_02956.png,rust
test/rust/rust_02964.png,rust
test/rust/rust_02965.png,rust
test/rust/rust_02970.png,rust
test/rust/rust_02976.png,rust
test/rust/rust_02983.png,rust
test/rust/rust_02990.png,rust
test/rust/rust_02991.png,rust
test/rust/rust_02992.png,rust
test/rust/rust_02993.png,rust
test/rust/rust_02997.png,rust
test/rust/rust_02998.png,rust
test/scratch/scratch_00010.png,scratch
test/scratch/scratch_00017.png,crack
test/scratch/scratch_00028.png,scratch
test/scratch/scratch_00033.png,scratch
test/scratch/scratch_00035.png,crack
test/scratch/scratch_00036.png,scratch
test/scratch/scratch_00050.png,scratch
test/scratch/scratch_00057.png,scratch
test/scratch/scratch_00058.png,scratch
test/scratch/scratch_00067.png,scratch
test/scratch/scratch_00071.png,scratch
test/scratch/scratch_00074.png,scratch
test/scratch/scratch_00076.png,scratch
test/scratch/scratch_00081.png,scratch
test/scratch/scratch_00083.png,scratch
test/scratch/scratch_00094.png,scratch
test/scratch/scratch_00102.png,scratch
test/scratch/scratch_00105.png,scratch
test/scratch/scratch_00110.png,scratch
test/scratch/scratch_00112.png,scratch
test/scratch/scratch_00113.png,scratch
test/scratch/scratch_00118.png,scratch
test/scratch/scratch_00122.png,scratch
test/scratch/scratch_00133.png,scratch
test/scratch/scratch_00137.png,scratch
test/scratch/scratch_00141.png,crack
test/scratch/scratch_00143.png,scratch
test/scratch/scratch_00146.png,scratch
test/scratch/scratch_00148.png,scratch
test/scratch/scratch_00157.png,scratch
test/scratch/scratch_00170.png,scratch
test/scratch/scratch_00179.png,scratch
test/scratch/scratch_00183.png,scratch
test/scratch/scratch_00190.png,scratch
test/scratch/scratch_00203.png,scratch
test/scratch/scratch_00206.png,scratch
test/scratch/scratch_00209.png,scratch
test/scratch/scratch_00210.png,scratch
test/scratch/scratch_00211.png,scratch
test/scratch/scratch_00216.png,scratch
test/scratch/scratch_00219.png,scratch
test/scratch/scratch_00222.png,scratch
test/scratch/scratch_00232.png,scratch
test/scratch/scratch_00235.png,scratch
test/scratch/scratch_00236.png,scratch
test/scratch/scratch_00238.png,scratch
test/scratch/scratch_00242.png,scratch
test/scratch/scratch_00245.png,scratch
test/scratch/scratch_00246.png,scratch
test/scratch/scratch_00249.png,scratch
test/scratch/scratch_00251.png,scratch
test/scratch/scratch_00254.png,scratch
test/scratch/scratch_00272.png,scratch
test/scratch/scratch_00278.png,scratch
test/scratch/scratch_00280.png,scratch
test/scratch/scratch_00288.png,crack
test/scratch/scratch_00300.png,scratch
test/scratch/scratch_00311.png,scratch
test/scratch/scratch_00321.png,crack
test/scratch/scratch_00331.png,crack
test/scratch/scratch_00333.png,scratch
test/scratch/scratch_00358.png,scratch
test/scratch/scratch_00359.png,scratch
test/scratch/scratch_00363.png,scratch
test/scratch/scratch_00364.png,crack
test/scratch/scratch_00366.png,scratch
test/scratch/scratch_00367.png,scratch
test/scratch/scratch_00371.png,scratch
test/scratch/scratch_00375.png,scratch
test/scratch/scratch_00377.png,scratch
test/scratch/scratch_00384.png,scratch
test/scratch/scratch_00396.png,scratch
test/scratch/scratch_00397.png,scratch
test/scratch/scratch_00399.png,scratch
test/scratch/scratch_00403.png,scratch
test/scratch/scratch_00411.png,scratch
test/scratch/scratch_00416.png,scratch
test/scratch/scratch_00423.png,scratch
test/scratch/scratch_00426.png,crack
test/scratch/scratch_00434.png,scratch
test/scratch/scratch_00435.png,scratch
test/scratch/scratch_00437.png,scratch
test/scratch/scratch_00438.png,scratch
test/scratch/scratch_00439.png,scratch
test/scratch/scratch_00447.png,scratch
test/scratch/scratch_00450.png,scratch
test/scratch/scratch_00455.png,crack
test/scratch/scratch_00459.png,scratch
test/scratch/scratch_00464.png,scratch
test/scratch/scratch_00468.png,scratch
test/scratch/scratch_00469.png,scratch
test/scratch/scratch_00481.png,scratch
test/scratch/scratch_00482.png,scratch
test/scratch/scratch_00488.png,scratch
test/scratch/scratch_00501.png,scratch
test/scratch/scratch_00510.png,scratch
test/scratch/scratch_00511.png,crack
test/scratch/scratch_00513.png,scratch
test/scratch/scratch_00520.png,scratch
test/scratch/scratch_00521.png,scratch
test/scratch/scratch_00522.png,scratch
test/scratch/scratch_00531.png,scratch
test/scratch/scratch_00537.png,scratch
test/scratch/scratch_00539.png,scratch
test/scratch/scratch_00542.png,scratch
test/scratch/scratch_00550.png,scratch
test/scratch/scratch_00556.png,crack
test/scratch/scratch_00570.png,crack
test/scratch/scratch_00580.png,crack
test/scratch/scratch_00581.png,scratch
test/scratch/scratch_00585.png,scratch
test/scratch/scratch_00592.png,scratch
test/scratch/scratch_00593.png,scratch
test/scratch/scratch_00595.png,scratch
test/scratch/scratch_00598.png,scratch
test/scratch/scratch_00601.png,scratch
test/scratch/scratch_00602.png,scratch
test/scratch/scratch_00610.png,scratch
test/scratch/scratch_00615.png,scratch
test/scratch/scratch_00616.png,scratch
test/scratch/scratch_00618.png,scratch
test/scratch/scratch_00620.png,scratch
test/scratch/scratch_00624.png,scratch
test/scratch/scratch_00630.png,scratch
test/scratch/scratch_00638.png,scratch
test/scratch/scratch_00651.png,scratch
test/scratch/scratch_00655.png,scratch
test/scratch/scratch_00665.png,scratch
test/scratch/scratch_00667.png,scratch
test/scratch/scratch_00669.png,scratch
test/scratch/scratch_00678.png,scratch
test/scratch/scratch_00693.png,scratch
test/scratch/scratch_00698.png,scratch
test/scratch/scratch_00703.png,scratch
test/scratch/scratch_00705.png,scratch
test/scratch/scratch_00709.png,scratch
test/scratch/scratch_00710.png,scratch
test/scratch/scratch_00711.png,scratch
test/scratch/scratch_00712.png,scratch
test/scratch/scratch_00717.png,scratch
test/scratch/scratch_00719.png,scratch
test/scratch/scratch_00722.png,scratch
test/scratch/scratch_00728.png,scratch
test/scratch/scratch_00729.png,crack
test/scratch/scratch_00742.png,scratch
test/scratch/scratch_00745.png,scratch
test/scratch/scratch_00753.png,scratch
test/scratch/scratch_00756.png,scratch
test/scratch/scratch_00765.png,scratch
test/scratch/scratch_00770.png,scratch
test/scratch/scratch_00772.png,scratch
test/scratch/scratch_00777.png,scratch
test/scratch/scratch_00780.png,scratch
test/scratch/scratch_00782.png,scratch
test/scratch/scratch_00783.png,scratch
test/scratch/scratch_00785.png,scratch
test/scratch/scratch_00786.png,scratch
test/scratch/scratch_00791.png,scratch
test/scratch/scratch_00792.png,scratch
test/scratch/scratch_00793.png,scratch
test/scratch/scratch_00800.png,scratch
test/scratch/scratch_00809.png,scratch
test/scratch/scratch_00822.png,scratch
test/scratch/scratch_00825.png,scratch
test/scratch/scratch_00834.png,scratch
test/scratch/scratch_00836.png,scratch
test/scratch/scratch_00840.png,scratch
test/scratch/scratch_00841.png,scratch
test/scratch/scratch_00852.png,scratch
test/scratch/scratch_00861.png,scratch
test/scratch/scratch_00862.png,scratch
test/scratch/scratch_00864.png,scratch
test/scratch/scratch_00867.png,scratch
test/scratch/scratch_00874.png,scratch
test/scratch/scratch_00880.png,scratch
test/scratch/scratch_00884.png,scratch
test/scratch/scratch_00891.png,scratch
test/scratch/scratch_00894.png,scratch
test/scratch/scratch_00900.png,scratch
test/scratch/scratch_00901.png,scratch
test/scratch/scratch_00902.png,scratch
test/scratch/scratch_00908.png,scratch
test/scratch/scratch_00915.png,scratch
test/scratch/scratch_00916.png,scratch
test/scratch/scratch_00917.png,scratch
test/scratch/scratch_00927.png,scratch
test/scratch/scratch_00928.png,scratch
test/scratch/scratch_00935.png,scratch
test/scratch/scratch_00937.png,crack
test/scratch/scratch_00951.png,scratch
test/scratch/scratch_00952.png,scratch
test/scratch/scratch_00956.png,scratch
test/scratch/scratch_00961.png,scratch
test/scratch/scratch_00963.png,scratch
test/scratch/scratch_00967.png,scratch
test/scratch/scratch_00976.png,scratch
test/scratch/scratch_00997.png,scratch
test/scratch/scratch_00998.png,scratch
test/scratch/scratch_01000.png,scratch
test/scratch/scratch_01001.png,scratch
test/scratch/scratch_01003.png,scratch
test/scratch/scratch_01004.png,scratch
test/scratch/scratch_01008.png,scratch
test/scratch/scratch_01010.png,scratch
test/scratch/scratch_01017.png,scratch
test/scratch/scratch_01018.png,scratch
test/scratch/scratch_01022.png,crack
test/scratch/scratch_01024.png,crack
test/scratch/scratch_01025.png,scratch
test/scratch/scratch_01027.png,scratch
test/scratch/scratch_01029.png,scratch
test/scratch/scratch_01033.png,scratch
test/scratch/scratch_01035.png,scratch
test/scratch/scratch_01043.png,scratch
test/scratch/scratch_01052.png,crack
test/scratch/scratch_01054.png,scratch
test/scratch/scratch_01055.png,scratch
test/scratch/scratch_01066.png,scratch
test/scratch/scratch_01071.png,scratch
test/scratch/scratch_01080.png,scratch
test/scratch/scratch_01084.png,scratch
test/scratch/scratch_01088.png,scratch
test/scratch/scratch_01090.png,scratch
test/scratch/scratch_01100.png,scratch
test/scratch/scratch_01112.png,scratch
test/scratch/scratch_01120.png,scratch
test/scratch/scratch_01121.png,scratch
test/scratch/scratch_01132.png,scratch
test/scratch/scratch_01136.png,scratch
test/scratch/scratch_01139.png,scratch
test/scratch/scratch_01140.png,scratch
test/scratch/scratch_01141.png,scratch
test/scratch/scratch_01142.png,crack
test/scratch/scratch_01152.png,scratch
test/scratch/scratch_01155.png,scratch
test/scratch/scratch_01157.png,scratch
test/scratch/scratch_01169.png,scratch
test/scratch/scratch_01171.png,scratch
test/scratch/scratch_01173.png,scratch
test/scratch/scratch_01174.png,scratch
test/scratch/scratch_01178.png,scratch
test/scratch/scratch_01180.png,scratch
test/scratch/scratch_01182.png,scratch
test/scratch/scratch_01185.png,crack
test/scratch/scratch_01186.png,scratch
test/scratch/scratch_01188.png,scratch
test/scratch/scratch_01195.png,crack
test/scratch/scratch_01207.png,crack
test/scratch/scratch_01208.png,scratch
test/scratch/scratch_01209.png,scratch
test/scratch/scratch_01214.png,scratch
test/scratch/scratch_01216.png,scratch
test/scratch/scratch_01217.png,scratch
test/scratch/scratch_01222.png,scratch
test/scratch/scratch_01224.png,scratch
test/scratch/scratch_01228.png,scratch
test/scratch/scratch_01231.png,scratch
test/scratch/scratch_01240.png,scratch
test/scratch/scratch_01241.png,scratch
test/scratch/scratch_01248.png,crack
test/scratch/scratch_01258.png,crack
test/scratch/scratch_01260.png,scratch
test/scratch/scratch_01264.png,crack
test/scratch/scratch_01266.png,scratch
test/scratch/scratch_01267.png,scratch
test/scratch/scratch_01272.png,scratch
test/scratch/scratch_01273.png,scratch
test/scratch/scratch_01276.png,scratch
test/scratch/scratch_01285.png,scratch
test/scratch/scratch_01293.png,scratch
test/scratch/scratch_01294.png,scratch
test/scratch/scratch_01302.png,scratch
test/scratch/scratch_01308.png,scratch
test/scratch/scratch_01312.png,scratch
test/scratch/scratch_01330.png,scratch
test/scratch/scratch_01331.png,scratch
test/scratch/scratch_01332.png,scratch
test/scratch/scratch_01336.png,scratch
test/scratch/scratch_01337.png,scratch
test/scratch/scratch_01346.png,scratch
test/scratch/scratch_01348.png,scratch
test/scratch/scratch_01363.png,scratch
test/scratch/scratch_01377.png,scratch
test/scratch/scratch_01378.png,scratch
test/scratch/scratch_01381.png,scratch
test/scratch/scratch_01385.png,scratch
test/scratch/scratch_01386.png,scratch
test/scratch/scratch_01392.png,scratch
test/scratch/scratch_01399.png,scratch
test/scratch/scratch_01402.png,scratch
test/scratch/scratch_01416.png,crack
test/scratch/scratch_01417.png,scratch
test/scratch/scratch_01420.png,scratch
test/scratch/scratch_01424.png,scratch
test/scratch/scratch_01430.png,scratch
test/scratch/scratch_01431.png,crack
test/scratch/scratch_01443.png,scratch
test/scratch/scratch_01444.png,scratch
test/scratch/scratch_01464.png,scratch
test/scratch/scratch_01468.png,scratch
test/scratch/scratch_01470.png,crack
test/scratch/scratch_01480.png,scratch
test/scratch/scratch_01482.png,scratch
test/scratch/scratch_01489.png,scratch
test/scratch/scratch_01490.png,crack
test/scratch/scratch_01501.png,crack
test/scratch/scratch_01502.png,crack
test/scratch/scratch_01509.png,scratch
test/scratch/scratch_01515.png,scratch
test/scratch/scratch_01524.png,scratch
test/scratch/scratch_01525.png,scratch
test/scratch/scratch_01528.png,scratch
test/scratch/scratch_01530.png,scratch
test/scratch/scratch_01533.png,crack
test/scratch/scratch_01534.png,scratch
test/scratch/scratch_01536.png,scratch
test/scratch/scratch_01545.png,scratch
test/scratch/scratch_01548.png,scratch
test/scratch/scratch_01550.png,crack
test/scratch/scratch_01553.png,crack
test/scratch/scratch_01560.png,scratch
test/scratch/scratch_01569.png,scratch
test/scratch/scratch_01578.png,scratch
test/scratch/scratch_01585.png,scratch
test/scratch/scratch_01596.png,crack
test/scratch/scratch_01604.png,scratch
test/scratch/scratch_01605.png,scratch
test/scratch/scratch_01617.png,crack
test/scratch/scratch_01620.png,scratch
test/scratch/scratch_01622.png,scratch
test/scratch/scratch_01634.png,crack
test/scratch/scratch_01635.png,scratch
test/scratch/scratch_01641.png,scratch
test/scratch/scratch_01650.png,scratch
test/scratch/scratch_01654.png,crack
test/scratch/scratch_01659.png,scratch
test/scratch/scratch_01661.png,scratch
test/scratch/scratch_01666.png,crack
test/scratch/scratch_01667.png,scratch
test/scratch/scratch_01674.png,scratch
test/scratch/scratch_01679.png,scratch
test/scratch/scratch_01680.png,scratch
test/scratch/scratch_01682.png,scratch
test/scratch/scratch_01683.png,scratch
test/scratch/scratch_01690.png,crack
test/scratch/scratch_01708.png,scratch
test/scratch/scratch_01721.png,crack
test/scratch/scratch_01723.png,scratch
test/scratch/scratch_01726.png,scratch
test/scratch/scratch_01741.png,scratch
test/scratch/scratch_01742.png,scratch
test/scratch/scratch_01745.png,scratch
test/scratch/scratch_01746.png,scratch
test/scratch/scratch_01757.png,scratch
test/scratch/scratch_01762.png,scratch
test/scratch/scratch_01763.png,scratch
test/scratch/scratch_01769.png,crack
test/scratch/scratch_01774.png,crack
test/scratch/scratch_01775.png,crack
test/scratch/scratch_01778.png,scratch
test/scratch/scratch_01787.png,scratch
test/scratch/scratch_01788.png,scratch
test/scratch/scratch_01789.png,scratch
test/scratch/scratch_01790.png,scratch
test/scratch/scratch_01793.png,crack
test/scratch/scratch_01795.png,scratch
test/scratch/scratch_01798.png,scratch
test/scratch/scratch_01804.png,scratch
test/scratch/scratch_01805.png,scratch
test/scratch/scratch_01809.png,scratch
test/scratch/scratch_01813.png,scratch
test/scratch/scratch_01817.png,scratch
test/scratch/scratch_01820.png,scratch
test/scratch/scratch_01822.png,scratch
test/scratch/scratch_01825.png,scratch
test/scratch/scratch_01826.png,scratch
test/scratch/scratch_01829.png,scratch
test/scratch/scratch_01837.png,scratch
test/scratch/scratch_01846.png,scratch
test/scratch/scratch_01852.png,scratch
test/scratch/scratch_01853.png,scratch
test/scratch/scratch_01857.png,scratch
test/scratch/scratch_01862.png,scratch
test/scratch/scratch_01885.png,crack
test/scratch/scratch_01886.png,scratch
test/scratch/scratch_01890.png,crack
test/scratch/scratch_01894.png,scratch
test/scratch/scratch_01895.png,scratch
test/scratch/scratch_01897.png,scratch
test/scratch/scratch_01911.png,scratch
test/scratch/scratch_01912.png,scratch
test/scratch/scratch_01921.png,scratch
test/scratch/scratch_01923.png,scratch
test/scratch/scratch_01930.png,scratch
test/scratch/scratch_01937.png,scratch
test/scratch/scratch_01938.png,scratch
test/scratch/scratch_01940.png,scratch
test/scratch/scratch_01945.png,scratch
test/scratch/scratch_01947.png,crack
test/scratch/scratch_01952.png,scratch
test/scratch/scratch_01954.png,scratch
test/scratch/scratch_01957.png,scratch
test/scratch/scratch_01958.png,scratch
test/scratch/scratch_01961.png,scratch
test/scratch/scratch_01962.png,scratch
test/scratch/scratch_01967.png,crack
test/scratch/scratch_01968.png,crack
test/scratch/scratch_01969.png,scratch
test/scratch/scratch_01970.png,scratch
test/scratch/scratch_01983.png,scratch
test/scratch/scratch_01986.png,scratch
test/scratch/scratch_01990.png,scratch
test/scratch/scratch_02006.png,scratch
test/scratch/scratch_02013.png,crack
test/scratch/scratch_02014.png,scratch
test/scratch/scratch_02019.png,scratch
test/scratch/scratch_02022.png,crack
test/scratch/scratch_02031.png,scratch
test/scratch/scratch_02057.png,scratch
test/scratch/scratch_02062.png,scratch
test/scratch/scratch_02063.png,crack
test/scratch/scratch_02064.png,crack
test/scratch/scratch_02071.png,scratch
test/scratch/scratch_02074.png,scratch
test/scratch/scratch_02078.png,scratch
test/scratch/scratch_02081.png,scratch
test/scratch/scratch_02087.png,scratch
test/scratch/scratch_02088.png,crack
test/scratch/scratch_02089.png,scratch
test/scratch/scratch_02090.png,scratch
test/scratch/scratch_02100.png,scratch
test/scratch/scratch_02104.png,scratch
test/scratch/scratch_02111.png,scratch
test/scratch/scratch_02112.png,crack
test/scratch/scratch_02113.png,scratch
test/scratch/scratch_02118.png,scratch
test/scratch/scratch_02120.png,scratch
test/scratch/scratch_02123.png,scratch
test/scratch/scratch_02132.png,scratch
test/scratch/scratch_02137.png,scratch
test/scratch/scratch_02145.png,scratch
test/scratch/scratch_02164.png,crack
test/scratch/scratch_02170.png,scratch
test/scratch/scratch_02174.png,scratch
test/scratch/scratch_02202.png,scratch
test/scratch/scratch_02210.png,scratch
test/scratch/scratch_02214.png,crack
test/scratch/scratch_02216.png,scratch
test/scratch/scratch_02223.png,scratch
test/scratch/scratch_02224.png,crack
test/scratch/scratch_02229.png,scratch
test/scratch/scratch_02230.png,scratch
test/scratch/scratch_02236.png,crack
test/scratch/scratch_02245.png,crack
test/scratch/scratch_02256.png,scratch
test/scratch/scratch_02260.png,scratch
test/scratch/scratch_02270.png,scratch
test/scratch/scratch_02279.png,scratch
test/scratch/scratch_02280.png,crack
test/scratch/scratch_02283.png,scratch
test/scratch/scratch_02290.png,scratch
test/scratch/scratch_02294.png,crack
test/scratch/scratch_02300.png,scratch
test/scratch/scratch_02304.png,scratch
test/scratch/scratch_02305.png,scratch
test/scratch/scratch_02318.png,scratch
test/scratch/scratch_02319.png,crack
test/scratch/scratch_02321.png,scratch
test/scratch/scratch_02322.png,scratch
test/scratch/scratch_02332.png,scratch
test/scratch/scratch_02345.png,scratch
test/scratch/scratch_02346.png,scratch
test/scratch/scratch_02350.png,scratch
test/scratch/scratch_02353.png,scratch
test/scratch/scratch_02355.png,scratch
test/scratch/scratch_02358.png,scratch
test/scratch/scratch_02359.png,scratch
test/scratch/scratch_02366.png,scratch
test/scratch/scratch_02372.png,scratch
test/scratch/scratch_02378.png,scratch
test/scratch/scratch_02380.png,scratch
test/scratch/scratch_02386.png,scratch
test/scratch/scratch_02390.png,scratch
test/scratch/scratch_02391.png,scratch
test/scratch/scratch_02398.png,scratch
test/scratch/scratch_02409.png,scratch
test/scratch/scratch_02410.png,scratch
test/scratch/scratch_02419.png,scratch
test/scratch/scratch_02423.png,scratch
test/scratch/scratch_02427.png,scratch
test/scratch/scratch_02429.png,crack
test/scratch/scratch_02432.png,scratch
test/scratch/scratch_02436.png,scratch
test/scratch/scratch_02441.png,scratch
test/scratch/scratch_02451.png,scratch
test/scratch/scratch_02455.png,scratch
test/scratch/scratch_02456.png,scratch
test/scratch/scratch_02460.png,scratch
test/scratch/scratch_02461.png,scratch
test/scratch/scratch_02467.png,scratch
test/scratch/scratch_02470.png,scratch
test/scratch/scratch_02471.png,scratch
test/scratch/scratch_02472.png,scratch
test/scratch/scratch_02474.png,scratch
test/scratch/scratch_02477.png,scratch
test/scratch/scratch_02482.png,scratch
test/scratch/scratch_02486.png,scratch
test/scratch/scratch_02487.png,scratch
test/scratch/scratch_02488.png,scratch
test/scratch/scratch_02493.png,scratch
test/scratch/scratch_02502.png,scratch
test/scratch/scratch_02504.png,scratch
test/scratch/scratch_02507.png,scratch
test/scratch/scratch_02508.png,scratch
test/scratch/scratch_02509.png,scratch
test/scratch/scratch_02512.png,scratch
test/scratch/scratch_02515.png,scratch
test/scratch/scratch_02521.png,scratch
test/scratch/scratch_02528.png,crack
test/scratch/scratch_02532.png,scratch
test/scratch/scratch_02547.png,scratch
test/scratch/scratch_02549.png,scratch
test/scratch/scratch_02556.png,scratch
test/scratch/scratch_02560.png,scratch
test/scratch/scratch_02566.png,scratch
test/scratch/scratch_02571.png,scratch
test/scratch/scratch_02577.png,scratch
test/scratch/scratch_02585.png,scratch
test/scratch/scratch_02588.png,scratch
test/scratch/scratch_02599.png,scratch
test/scratch/scratch_02604.png,scratch
test/scratch/scratch_02606.png,scratch
test/scratch/scratch_02607.png,scratch
test/scratch/scratch_02609.png,scratch
test/scratch/scratch_02611.png,scratch
test/scratch/scratch_02623.png,crack
test/scratch/scratch_02624.png,scratch
test/scratch/scratch_02625.png,scratch
test/scratch/scratch_02643.png,scratch
test/scratch/scratch_02649.png,scratch
test/scratch/scratch_02651.png,scratch
test/scratch/scratch_02652.png,scratch
test/scratch/scratch_02660.png,scratch
test/scratch/scratch_02662.png,crack
test/scratch/scratch_02668.png,scratch
test/scratch/scratch_02671.png,scratch
test/scratch/scratch_02672.png,scratch
test/scratch/scratch_02677.png,crack
test/scratch/scratch_02680.png,crack
test/scratch/scratch_02681.png,crack
test/scratch/scratch_02682.png,scratch
test/scratch/scratch_02687.png,scratch
test/scratch/scratch_02697.png,scratch
test/scratch/scratch_02702.png,scratch
test/scratch/scratch_02704.png,scratch
test/scratch/scratch_02712.png,scratch
test/scratch/scratch_02724.png,scratch
test/scratch/scratch_02726.png,scratch
test/scratch/scratch_02751.png,scratch
test/scratch/scratch_02757.png,scratch
test/scratch/scratch_02759.png,scratch
test/scratch/scratch_02766.png,crack
test/scratch/scratch_02771.png,scratch
test/scratch/scratch_02773.png,scratch
test/scratch/scratch_02781.png,scratch
test/scratch/scratch_02796.png,scratch
test/scratch/scratch_02798.png,scratch
test/scratch/scratch_02807.png,scratch
test/scratch/scratch_02811.png,scratch
test/scratch/scratch_02817.png,scratch
test/scratch/scratch_02851.png,scratch
test/scratch/scratch_02859.png,scratch
test/scratch/scratch_02861.png,scratch
test/scratch/scratch_02868.png,scratch
test/scratch/scratch_02872.png,scratch
test/scratch/scratch_02874.png,scratch
test/scratch/scratch_02875.png,scratch
test/scratch/scratch_02885.png,scratch
test/scratch/scratch_02891.png,scratch
test/scratch/scratch_02895.png,scratch
test/scratch/scratch_02896.png,crack
test/scratch/scratch_02910.png,crack
test/scratch/scratch_02915.png,scratch
test/scratch/scratch_02921.png,scratch
test/scratch/scratch_02927.png,scratch
test/scratch/scratch_02928.png,scratch
test/scratch/scratch_02936.png,scratch
test/scratch/scratch_02944.png,scratch
test/scratch/scratch_02946.png,scratch
test/scratch/scratch_02950.png,crack
test/scratch/scratch_02953.png,scratch
test/scratch/scratch_02958.png,scratch
test/scratch/scratch_02963.png,crack
test/scratch/scratch_02965.png,scratch
test/scratch/scratch_02974.png,scratch
test/scratch/scratch_02977.png,scratch
test/scratch/scratch_02993.png,scratch
test/scratch/scratch_02995.png,crack
test/scratch/scratch_02996.png,scratch
test/scratch/scratch_02997.png,scratch
